timestamp,transaction_id,customer_id,amount,recovery_probability,diagnosis,recommended_strategy,selected_action,decision_reason,risk_level,result_status,result_message,amount_recovered,payment_link_id,payment_link_status,amount_paid,verification_status,recovery_outcome
2026-08-30T12:03:42.876683,TXN_100000,CUST_1000,18914.64,0.4974,No specific payment failure,reminder,send_payment_reminder,Moderate recovery probability; assisted recovery is safer.,medium,pending,Payment recovery reminder generated.,0.0,,,,,
2026-08-30T12:03:42.882368,TXN_100001,CUST_1001,47550.5,0.4841,Bank declined the transaction,alternative_payment,human_review,Permanent or bank-declined failure should not be automatically retried.,high,escalated,Transaction requires human review.,0.0,,,,,
2026-08-30T12:03:42.886983,TXN_100002,CUST_1002,36680.1,0.4164,Bank declined the transaction,alternative_payment,human_review,Permanent or bank-declined failure should not be automatically retried.,high,escalated,Transaction requires human review.,0.0,,,,,
2026-08-30T12:03:42.891606,TXN_100003,CUST_1003,30053.33,0.5614,Temporary payment failure,retry,send_payment_reminder,Moderate recovery probability; assisted recovery is safer.,medium,pending,Payment recovery reminder generated.,0.0,,,,,
2026-08-30T12:03:42.894727,TXN_100004,CUST_1004,8054.13,0.5575,Temporary payment failure,retry,send_payment_reminder,Moderate recovery probability; assisted recovery is safer.,medium,pending,Payment recovery reminder generated.,0.0,,,,,
2026-08-30T12:03:42.899691,TXN_100005,CUST_1005,8052.93,0.6022,Network-related payment failure,retry,send_payment_reminder,Moderate recovery probability; assisted recovery is safer.,medium,pending,Payment recovery reminder generated.,0.0,,,,,
2026-08-30T12:03:42.903772,TXN_100006,CUST_1006,3186.76,0.9602,Temporary payment failure,retry,retry_payment,High recovery probability and retryable payment failure.,low,recovered,Payment successfully recovered in simulation mode.,3186.76,,,,,
2026-08-30T12:03:42.905305,TXN_100007,CUST_1007,43348.95,0.5584,No specific payment failure,reminder,send_payment_reminder,Moderate recovery probability; assisted recovery is safer.,medium,pending,Payment recovery reminder generated.,0.0,,,,,
2026-08-30T12:03:42.905305,TXN_100008,CUST_1008,30175.42,0.975,Network-related payment failure,retry,retry_payment,High recovery probability and retryable payment failure.,low,recovered,Payment successfully recovered in simulation mode.,30175.42,,,,,
2026-08-30T12:03:42.916477,TXN_100009,CUST_1009,35491.21,0.5323,Insufficient customer funds,payment_reminder,send_payment_reminder,Moderate recovery probability; assisted recovery is safer.,medium,pending,Payment recovery reminder generated.,0.0,,,,,
2026-08-30T12:03:42.920490,TXN_100010,CUST_1010,1323.05,0.3255,Network-related payment failure,retry,no_action,Recovery probability is below the 0.40 operating threshold.,low,stopped,Recovery stopped by decision policy.,0.0,,,,,
2026-08-30T12:03:42.921997,TXN_100011,CUST_1011,48504.52,0.2992,Insufficient customer funds,payment_reminder,no_action,Recovery probability is below the 0.40 operating threshold.,low,stopped,Recovery stopped by decision policy.,0.0,,,,,
2026-08-30T12:03:42.927766,TXN_100012,CUST_1012,41672.4,0.6695,Bank declined the transaction,alternative_payment,human_review,Permanent or bank-declined failure should not be automatically retried.,high,escalated,Transaction requires human review.,0.0,,,,,
2026-08-30T12:03:42.931448,TXN_100013,CUST_1013,10853.25,0.3108,No specific payment failure,reminder,no_action,Recovery probability is below the 0.40 operating threshold.,low,stopped,Recovery stopped by decision policy.,0.0,,,,,
2026-08-30T12:03:42.931448,TXN_100014,CUST_1014,9336.7,0.4191,Authentication failure,customer_action,send_payment_reminder,Moderate recovery probability; assisted recovery is safer.,medium,pending,Payment recovery reminder generated.,0.0,,,,,
2026-08-30T12:03:42.931448,TXN_100015,CUST_1015,9415.2,0.3604,Temporary payment failure,retry,no_action,Recovery probability is below the 0.40 operating threshold.,low,stopped,Recovery stopped by decision policy.,0.0,,,,,
2026-08-30T12:03:42.931448,TXN_100016,CUST_1016,15420.84,0.4854,Expired payment method,payment_method_update,human_review,Permanent or bank-declined failure should not be automatically retried.,high,escalated,Transaction requires human review.,0.0,,,,,
2026-08-30T12:03:42.947942,TXN_100017,CUST_1017,26380.39,0.2317,Insufficient customer funds,payment_reminder,no_action,Recovery probability is below the 0.40 operating threshold.,low,stopped,Recovery stopped by decision policy.,0.0,,,,,
2026-08-30T12:03:42.953048,TXN_100018,CUST_1018,21767.67,0.219,No specific payment failure,reminder,no_action,Recovery probability is below the 0.40 operating threshold.,low,stopped,Recovery stopped by decision policy.,0.0,,,,,
2026-08-30T12:03:42.956226,TXN_100019,CUST_1019,14774.09,0.1163,Authentication failure,customer_action,no_action,Recovery probability is below the 0.40 operating threshold.,low,stopped,Recovery stopped by decision policy.,0.0,,,,,
2026-08-30T12:03:42.959386,TXN_100020,CUST_1020,30709.09,0.7077,Authentication failure,customer_action,send_payment_reminder,Moderate recovery probability; assisted recovery is safer.,medium,pending,Payment recovery reminder generated.,0.0,,,,,
2026-08-30T12:03:42.959386,TXN_100021,CUST_1021,7232.84,0.4155,No specific payment failure,reminder,send_payment_reminder,Moderate recovery probability; assisted recovery is safer.,medium,pending,Payment recovery reminder generated.,0.0,,,,,
2026-08-30T12:03:42.959386,TXN_100022,CUST_1022,14819.59,0.5945,Expired payment method,payment_method_update,human_review,Permanent or bank-declined failure should not be automatically retried.,high,escalated,Transaction requires human review.,0.0,,,,,
2026-08-30T12:03:42.971001,TXN_100023,CUST_1023,18508.18,0.8587,Temporary payment failure,retry,retry_payment,High recovery probability and retryable payment failure.,low,failed,Payment retry failed in simulation mode.,0.0,,,,,
2026-08-30T12:03:42.975013,TXN_100024,CUST_1024,22966.68,0.7812,Insufficient customer funds,payment_reminder,send_payment_reminder,Moderate recovery probability; assisted recovery is safer.,medium,pending,Payment recovery reminder generated.,0.0,,,,,
2026-08-30T12:03:42.977015,TXN_100025,CUST_1025,39323.25,0.7055,No specific payment failure,reminder,send_payment_reminder,Moderate recovery probability; assisted recovery is safer.,medium,pending,Payment recovery reminder generated.,0.0,,,,,
2026-08-30T12:03:42.981023,TXN_100026,CUST_1026,10223.79,0.6174,Temporary payment failure,retry,send_payment_reminder,Moderate recovery probability; assisted recovery is safer.,medium,pending,Payment recovery reminder generated.,0.0,,,,,
2026-08-30T12:03:42.985029,TXN_100027,CUST_1027,25857.45,0.6415,Network-related payment failure,retry,send_payment_reminder,Moderate recovery probability; assisted recovery is safer.,medium,pending,Payment recovery reminder generated.,0.0,,,,,
2026-08-30T12:03:42.990780,TXN_100028,CUST_1028,29743.0,0.2086,Expired payment method,payment_method_update,human_review,Permanent or bank-declined failure should not be automatically retried.,high,escalated,Transaction requires human review.,0.0,,,,,
2026-08-30T12:03:42.993787,TXN_100029,CUST_1029,2608.59,0.7074,Network-related payment failure,retry,retry_payment,High recovery probability and retryable payment failure.,low,failed,Payment retry failed in simulation mode.,0.0,,,,,
2026-08-30T12:03:42.997537,TXN_100030,CUST_1030,30494.98,0.203,No specific payment failure,reminder,no_action,Recovery probability is below the 0.40 operating threshold.,low,stopped,Recovery stopped by decision policy.,0.0,,,,,
2026-08-30T12:03:42.997537,TXN_100031,CUST_1031,8775.05,0.7549,Expired payment method,payment_method_update,human_review,Permanent or bank-declined failure should not be automatically retried.,high,escalated,Transaction requires human review.,0.0,,,,,
2026-08-30T12:03:43.002643,TXN_100032,CUST_1032,3533.06,0.521,Expired payment method,payment_method_update,human_review,Permanent or bank-declined failure should not be automatically retried.,high,escalated,Transaction requires human review.,0.0,,,,,
2026-08-30T12:03:43.002643,TXN_100033,CUST_1033,47459.61,0.4133,No specific payment failure,reminder,send_payment_reminder,Moderate recovery probability; assisted recovery is safer.,medium,pending,Payment recovery reminder generated.,0.0,,,,,
2026-08-30T12:03:43.002643,TXN_100034,CUST_1034,48291.91,0.3322,Network-related payment failure,retry,no_action,Recovery probability is below the 0.40 operating threshold.,low,stopped,Recovery stopped by decision policy.,0.0,,,,,
2026-08-30T12:03:43.002643,TXN_100035,CUST_1035,40477.35,0.4697,Bank declined the transaction,alternative_payment,human_review,Permanent or bank-declined failure should not be automatically retried.,high,escalated,Transaction requires human review.,0.0,,,,,
2026-08-30T12:03:43.018618,TXN_100036,CUST_1036,15439.3,0.5313,Authentication failure,customer_action,send_payment_reminder,Moderate recovery probability; assisted recovery is safer.,medium,pending,Payment recovery reminder generated.,0.0,,,,,
2026-08-30T12:03:43.018618,TXN_100037,CUST_1037,5154.3,0.3101,Expired payment method,payment_method_update,human_review,Permanent or bank-declined failure should not be automatically retried.,high,escalated,Transaction requires human review.,0.0,,,,,
2026-08-30T12:03:43.018618,TXN_100038,CUST_1038,34306.38,0.9068,No specific payment failure,reminder,send_payment_reminder,Moderate recovery probability; assisted recovery is safer.,medium,pending,Payment recovery reminder generated.,0.0,,,,,
2026-08-30T12:03:43.018618,TXN_100039,CUST_1039,22175.58,0.2623,Insufficient customer funds,payment_reminder,no_action,Recovery probability is below the 0.40 operating threshold.,low,stopped,Recovery stopped by decision policy.,0.0,,,,,
2026-08-30T12:03:43.018618,TXN_100040,CUST_1040,6365.3,0.6057,Bank declined the transaction,alternative_payment,human_review,Permanent or bank-declined failure should not be automatically retried.,high,escalated,Transaction requires human review.,0.0,,,,,
2026-08-30T12:03:43.034679,TXN_100041,CUST_1041,24910.29,0.6374,No specific payment failure,reminder,send_payment_reminder,Moderate recovery probability; assisted recovery is safer.,medium,pending,Payment recovery reminder generated.,0.0,,,,,
2026-08-30T12:03:43.034679,TXN_100042,CUST_1042,2009.11,0.8839,Network-related payment failure,retry,retry_payment,High recovery probability and retryable payment failure.,low,recovered,Payment successfully recovered in simulation mode.,2009.11,,,,,
2026-08-30T12:03:43.034679,TXN_100043,CUST_1043,45493.22,0.5151,Temporary payment failure,retry,send_payment_reminder,Moderate recovery probability; assisted recovery is safer.,medium,pending,Payment recovery reminder generated.,0.0,,,,,
2026-08-30T12:03:43.034679,TXN_100044,CUST_1044,13161.37,0.6422,Expired payment method,payment_method_update,human_review,Permanent or bank-declined failure should not be automatically retried.,high,escalated,Transaction requires human review.,0.0,,,,,
2026-08-30T12:03:43.051976,TXN_100045,CUST_1045,33227.36,0.5744,No specific payment failure,reminder,send_payment_reminder,Moderate recovery probability; assisted recovery is safer.,medium,pending,Payment recovery reminder generated.,0.0,,,,,
2026-08-30T12:03:43.051976,TXN_100046,CUST_1046,15792.04,0.3729,No specific payment failure,reminder,no_action,Recovery probability is below the 0.40 operating threshold.,low,stopped,Recovery stopped by decision policy.,0.0,,,,,
2026-08-30T12:03:43.051976,TXN_100047,CUST_1047,26147.38,0.7959,No specific payment failure,reminder,send_payment_reminder,Moderate recovery probability; assisted recovery is safer.,medium,pending,Payment recovery reminder generated.,0.0,,,,,
2026-08-30T12:03:43.051976,TXN_100048,CUST_1048,27471.5,0.5242,Insufficient customer funds,payment_reminder,send_payment_reminder,Moderate recovery probability; assisted recovery is safer.,medium,pending,Payment recovery reminder generated.,0.0,,,,,
2026-08-30T12:03:43.066519,TXN_100049,CUST_1049,9487.27,0.4002,No specific payment failure,reminder,send_payment_reminder,Moderate recovery probability; assisted recovery is safer.,medium,pending,Payment recovery reminder generated.,0.0,,,,,
2026-08-30T12:03:43.071535,TXN_100050,CUST_1050,48488.36,0.6415,Authentication failure,customer_action,send_payment_reminder,Moderate recovery probability; assisted recovery is safer.,medium,pending,Payment recovery reminder generated.,0.0,,,,,
2026-08-30T12:03:43.075548,TXN_100051,CUST_1051,38824.1,0.8168,No specific payment failure,reminder,send_payment_reminder,Moderate recovery probability; assisted recovery is safer.,medium,pending,Payment recovery reminder generated.,0.0,,,,,
2026-08-30T12:03:43.079563,TXN_100052,CUST_1052,46993.1,0.2224,Bank declined the transaction,alternative_payment,human_review,Permanent or bank-declined failure should not be automatically retried.,high,escalated,Transaction requires human review.,0.0,,,,,
2026-08-30T12:03:43.082580,TXN_100053,CUST_1053,44772.92,0.7523,Temporary payment failure,retry,retry_payment,High recovery probability and retryable payment failure.,low,recovered,Payment successfully recovered in simulation mode.,44772.92,,,,,
2026-08-30T12:03:43.088287,TXN_100054,CUST_1054,30015.63,0.6747,Authentication failure,customer_action,send_payment_reminder,Moderate recovery probability; assisted recovery is safer.,medium,pending,Payment recovery reminder generated.,0.0,,,,,
2026-08-30T12:03:43.092547,TXN_100055,CUST_1055,46117.15,0.5443,Insufficient customer funds,payment_reminder,send_payment_reminder,Moderate recovery probability; assisted recovery is safer.,medium,pending,Payment recovery reminder generated.,0.0,,,,,
2026-08-30T12:03:43.098094,TXN_100056,CUST_1056,4698.08,0.3828,Expired payment method,payment_method_update,human_review,Permanent or bank-declined failure should not be automatically retried.,high,escalated,Transaction requires human review.,0.0,,,,,
2026-08-30T12:03:43.102111,TXN_100057,CUST_1057,10040.35,0.2058,No specific payment failure,reminder,no_action,Recovery probability is below the 0.40 operating threshold.,low,stopped,Recovery stopped by decision policy.,0.0,,,,,
2026-08-30T12:03:43.106124,TXN_100058,CUST_1058,2547.8,0.2508,Expired payment method,payment_method_update,human_review,Permanent or bank-declined failure should not be automatically retried.,high,escalated,Transaction requires human review.,0.0,,,,,
2026-08-30T12:03:43.108130,TXN_100059,CUST_1059,16468.92,0.5788,No specific payment failure,reminder,send_payment_reminder,Moderate recovery probability; assisted recovery is safer.,medium,pending,Payment recovery reminder generated.,0.0,,,,,
2026-08-30T12:03:43.114508,TXN_100060,CUST_1060,19617.26,0.3622,Authentication failure,customer_action,no_action,Recovery probability is below the 0.40 operating threshold.,low,stopped,Recovery stopped by decision policy.,0.0,,,,,
2026-08-30T12:03:43.117662,TXN_100061,CUST_1061,13786.05,0.5472,No specific payment failure,reminder,send_payment_reminder,Moderate recovery probability; assisted recovery is safer.,medium,pending,Payment recovery reminder generated.,0.0,,,,,
2026-08-30T12:03:43.117662,TXN_100062,CUST_1062,41488.25,0.1594,No specific payment failure,reminder,no_action,Recovery probability is below the 0.40 operating threshold.,low,stopped,Recovery stopped by decision policy.,0.0,,,,,
2026-08-30T12:03:43.124111,TXN_100063,CUST_1063,18030.64,0.33,Expired payment method,payment_method_update,human_review,Permanent or bank-declined failure should not be automatically retried.,high,escalated,Transaction requires human review.,0.0,,,,,
2026-08-30T12:03:43.124111,TXN_100064,CUST_1064,14262.45,0.5914,Authentication failure,customer_action,send_payment_reminder,Moderate recovery probability; assisted recovery is safer.,medium,pending,Payment recovery reminder generated.,0.0,,,,,
2026-08-30T12:03:43.124111,TXN_100065,CUST_1065,27272.0,0.97,Network-related payment failure,retry,retry_payment,High recovery probability and retryable payment failure.,low,recovered,Payment successfully recovered in simulation mode.,27272.0,,,,,
2026-08-30T12:03:43.124111,TXN_100066,CUST_1066,7303.93,0.4713,Expired payment method,payment_method_update,human_review,Permanent or bank-declined failure should not be automatically retried.,high,escalated,Transaction requires human review.,0.0,,,,,
2026-08-30T12:03:43.140518,TXN_100067,CUST_1067,40169.19,0.7101,Insufficient customer funds,payment_reminder,send_payment_reminder,Moderate recovery probability; assisted recovery is safer.,medium,pending,Payment recovery reminder generated.,0.0,,,,,
2026-08-30T12:03:43.142524,TXN_100068,CUST_1068,4005.17,0.8437,No specific payment failure,reminder,send_payment_reminder,Moderate recovery probability; assisted recovery is safer.,medium,pending,Payment recovery reminder generated.,0.0,,,,,
2026-08-30T12:03:43.146543,TXN_100069,CUST_1069,49348.28,0.1717,No specific payment failure,reminder,no_action,Recovery probability is below the 0.40 operating threshold.,low,stopped,Recovery stopped by decision policy.,0.0,,,,,
2026-08-30T12:03:43.150558,TXN_100070,CUST_1070,38680.57,0.3809,Authentication failure,customer_action,no_action,Recovery probability is below the 0.40 operating threshold.,low,stopped,Recovery stopped by decision policy.,0.0,,,,,
2026-08-30T12:03:43.154312,TXN_100071,CUST_1071,10176.17,0.6659,Expired payment method,payment_method_update,human_review,Permanent or bank-declined failure should not be automatically retried.,high,escalated,Transaction requires human review.,0.0,,,,,
2026-08-30T12:03:43.154312,TXN_100072,CUST_1072,574.45,0.5419,No specific payment failure,reminder,send_payment_reminder,Moderate recovery probability; assisted recovery is safer.,medium,pending,Payment recovery reminder generated.,0.0,,,,,
2026-08-30T12:03:43.154312,TXN_100073,CUST_1073,40828.43,0.605,Expired payment method,payment_method_update,human_review,Permanent or bank-declined failure should not be automatically retried.,high,escalated,Transaction requires human review.,0.0,,,,,
2026-08-30T12:03:43.154312,TXN_100074,CUST_1074,35430.81,0.6225,Network-related payment failure,retry,send_payment_reminder,Moderate recovery probability; assisted recovery is safer.,medium,pending,Payment recovery reminder generated.,0.0,,,,,
2026-08-30T12:03:43.154312,TXN_100075,CUST_1075,36531.66,0.4544,No specific payment failure,reminder,send_payment_reminder,Moderate recovery probability; assisted recovery is safer.,medium,pending,Payment recovery reminder generated.,0.0,,,,,
2026-08-30T12:03:43.171737,TXN_100076,CUST_1076,38632.14,0.5813,Bank declined the transaction,alternative_payment,human_review,Permanent or bank-declined failure should not be automatically retried.,high,escalated,Transaction requires human review.,0.0,,,,,
2026-08-30T12:03:43.171737,TXN_100077,CUST_1077,3980.02,0.8761,Temporary payment failure,retry,retry_payment,High recovery probability and retryable payment failure.,low,recovered,Payment successfully recovered in simulation mode.,3980.02,,,,,
2026-08-30T12:03:43.171737,TXN_100078,CUST_1078,18115.75,0.3314,No specific payment failure,reminder,no_action,Recovery probability is below the 0.40 operating threshold.,low,stopped,Recovery stopped by decision policy.,0.0,,,,,
2026-08-30T12:03:43.171737,TXN_100079,CUST_1079,6058.69,0.3992,Expired payment method,payment_method_update,human_review,Permanent or bank-declined failure should not be automatically retried.,high,escalated,Transaction requires human review.,0.0,,,,,
2026-08-30T12:03:43.188247,TXN_100080,CUST_1080,43196.24,0.8692,No specific payment failure,reminder,send_payment_reminder,Moderate recovery probability; assisted recovery is safer.,medium,pending,Payment recovery reminder generated.,0.0,,,,,
2026-08-30T12:03:43.195419,TXN_100081,CUST_1081,31277.92,0.7304,Temporary payment failure,retry,retry_payment,High recovery probability and retryable payment failure.,low,recovered,Payment successfully recovered in simulation mode.,31277.92,,,,,
2026-08-30T12:03:43.202224,TXN_100082,CUST_1082,16745.63,0.452,Temporary payment failure,retry,send_payment_reminder,Moderate recovery probability; assisted recovery is safer.,medium,pending,Payment recovery reminder generated.,0.0,,,,,
2026-08-30T12:03:43.202224,TXN_100083,CUST_1083,3458.85,0.5242,No specific payment failure,reminder,send_payment_reminder,Moderate recovery probability; assisted recovery is safer.,medium,pending,Payment recovery reminder generated.,0.0,,,,,
2026-08-30T12:03:43.202224,TXN_100084,CUST_1084,15755.82,0.6445,Temporary payment failure,retry,send_payment_reminder,Moderate recovery probability; assisted recovery is safer.,medium,pending,Payment recovery reminder generated.,0.0,,,,,
2026-08-30T12:03:43.202224,TXN_100085,CUST_1085,16461.61,0.7166,No specific payment failure,reminder,send_payment_reminder,Moderate recovery probability; assisted recovery is safer.,medium,pending,Payment recovery reminder generated.,0.0,,,,,
2026-08-30T12:03:43.202224,TXN_100086,CUST_1086,36561.43,0.4389,No specific payment failure,reminder,send_payment_reminder,Moderate recovery probability; assisted recovery is safer.,medium,pending,Payment recovery reminder generated.,0.0,,,,,
2026-08-30T12:03:43.219076,TXN_100087,CUST_1087,31986.61,0.4136,Expired payment method,payment_method_update,human_review,Permanent or bank-declined failure should not be automatically retried.,high,escalated,Transaction requires human review.,0.0,,,,,
2026-08-30T12:03:43.219076,TXN_100088,CUST_1088,44394.47,0.409,Temporary payment failure,retry,send_payment_reminder,Moderate recovery probability; assisted recovery is safer.,medium,pending,Payment recovery reminder generated.,0.0,,,,,
2026-08-30T12:03:43.228335,TXN_100089,CUST_1089,23769.08,0.3546,Expired payment method,payment_method_update,human_review,Permanent or bank-declined failure should not be automatically retried.,high,escalated,Transaction requires human review.,0.0,,,,,
2026-08-30T12:03:43.228335,TXN_100090,CUST_1090,6243.83,0.7101,No specific payment failure,reminder,send_payment_reminder,Moderate recovery probability; assisted recovery is safer.,medium,pending,Payment recovery reminder generated.,0.0,,,,,
2026-08-30T12:03:43.233874,TXN_100091,CUST_1091,35748.27,0.6356,Bank declined the transaction,alternative_payment,human_review,Permanent or bank-declined failure should not be automatically retried.,high,escalated,Transaction requires human review.,0.0,,,,,
2026-08-30T12:03:43.233874,TXN_100092,CUST_1092,38111.02,0.5864,Bank declined the transaction,alternative_payment,human_review,Permanent or bank-declined failure should not be automatically retried.,high,escalated,Transaction requires human review.,0.0,,,,,
2026-08-30T12:03:43.233874,TXN_100093,CUST_1093,28195.48,0.6506,Bank declined the transaction,alternative_payment,human_review,Permanent or bank-declined failure should not be automatically retried.,high,escalated,Transaction requires human review.,0.0,,,,,
2026-08-30T12:03:43.233874,TXN_100094,CUST_1094,38617.07,0.9444,Temporary payment failure,retry,retry_payment,High recovery probability and retryable payment failure.,low,recovered,Payment successfully recovered in simulation mode.,38617.07,,,,,
2026-08-30T12:03:43.249792,TXN_100095,CUST_1095,24841.64,0.7312,No specific payment failure,reminder,send_payment_reminder,Moderate recovery probability; assisted recovery is safer.,medium,pending,Payment recovery reminder generated.,0.0,,,,,
2026-08-30T12:03:43.249792,TXN_100096,CUST_1096,26279.82,0.4853,No specific payment failure,reminder,send_payment_reminder,Moderate recovery probability; assisted recovery is safer.,medium,pending,Payment recovery reminder generated.,0.0,,,,,
2026-08-30T12:03:43.249792,TXN_100097,CUST_1097,21548.79,0.8637,No specific payment failure,reminder,send_payment_reminder,Moderate recovery probability; assisted recovery is safer.,medium,pending,Payment recovery reminder generated.,0.0,,,,,
2026-08-30T12:03:43.249792,TXN_100098,CUST_1098,1563.33,0.476,Network-related payment failure,retry,send_payment_reminder,Moderate recovery probability; assisted recovery is safer.,medium,pending,Payment recovery reminder generated.,0.0,,,,,
2026-08-30T12:03:43.249792,TXN_100099,CUST_1099,5662.2,0.6385,No specific payment failure,reminder,send_payment_reminder,Moderate recovery probability; assisted recovery is safer.,medium,pending,Payment recovery reminder generated.,0.0,,,,,
2026-08-30T12:03:43.266692,TXN_100100,CUST_1100,1862.03,0.3384,Insufficient customer funds,payment_reminder,no_action,Recovery probability is below the 0.40 operating threshold.,low,stopped,Recovery stopped by decision policy.,0.0,,,,,
2026-08-30T12:03:43.266692,TXN_100101,CUST_1101,31929.6,0.2018,Expired payment method,payment_method_update,human_review,Permanent or bank-declined failure should not be automatically retried.,high,escalated,Transaction requires human review.,0.0,,,,,
2026-08-30T12:03:43.266692,TXN_100102,CUST_1102,15923.49,0.7707,Network-related payment failure,retry,retry_payment,High recovery probability and retryable payment failure.,low,recovered,Payment successfully recovered in simulation mode.,15923.49,,,,,
2026-08-30T12:03:43.277565,TXN_100103,CUST_1103,25575.96,0.3115,No specific payment failure,reminder,no_action,Recovery probability is below the 0.40 operating threshold.,low,stopped,Recovery stopped by decision policy.,0.0,,,,,
2026-08-30T12:03:43.285957,TXN_100104,CUST_1104,45406.05,0.7648,No specific payment failure,reminder,send_payment_reminder,Moderate recovery probability; assisted recovery is safer.,medium,pending,Payment recovery reminder generated.,0.0,,,,,
2026-08-30T12:03:43.289714,TXN_100105,CUST_1105,12689.82,0.7658,No specific payment failure,reminder,send_payment_reminder,Moderate recovery probability; assisted recovery is safer.,medium,pending,Payment recovery reminder generated.,0.0,,,,,
2026-08-30T12:03:43.295570,TXN_100106,CUST_1106,20696.03,0.4983,No specific payment failure,reminder,send_payment_reminder,Moderate recovery probability; assisted recovery is safer.,medium,pending,Payment recovery reminder generated.,0.0,,,,,
2026-08-30T12:03:43.295570,TXN_100107,CUST_1107,37850.89,0.36,No specific payment failure,reminder,no_action,Recovery probability is below the 0.40 operating threshold.,low,stopped,Recovery stopped by decision policy.,0.0,,,,,
2026-08-30T12:03:43.295570,TXN_100108,CUST_1108,11671.27,0.9031,Temporary payment failure,retry,retry_payment,High recovery probability and retryable payment failure.,low,recovered,Payment successfully recovered in simulation mode.,11671.27,,,,,
2026-08-30T12:03:43.307037,TXN_100109,CUST_1109,4125.9,0.7036,No specific payment failure,reminder,send_payment_reminder,Moderate recovery probability; assisted recovery is safer.,medium,pending,Payment recovery reminder generated.,0.0,,,,,
2026-08-30T12:03:43.312713,TXN_100110,CUST_1110,14700.65,0.2428,Network-related payment failure,retry,no_action,Recovery probability is below the 0.40 operating threshold.,low,stopped,Recovery stopped by decision policy.,0.0,,,,,
2026-08-30T12:03:43.314230,TXN_100111,CUST_1111,8312.7,0.3322,Bank declined the transaction,alternative_payment,human_review,Permanent or bank-declined failure should not be automatically retried.,high,escalated,Transaction requires human review.,0.0,,,,,
2026-08-30T12:03:43.314230,TXN_100112,CUST_1112,46505.97,0.7443,Temporary payment failure,retry,retry_payment,High recovery probability and retryable payment failure.,low,recovered,Payment successfully recovered in simulation mode.,46505.97,,,,,
2026-08-30T12:03:43.323517,TXN_100113,CUST_1113,40463.58,0.1322,Expired payment method,payment_method_update,human_review,Permanent or bank-declined failure should not be automatically retried.,high,escalated,Transaction requires human review.,0.0,,,,,
2026-08-30T12:03:43.326623,TXN_100114,CUST_1114,31780.17,0.826,Bank declined the transaction,alternative_payment,human_review,Permanent or bank-declined failure should not be automatically retried.,high,escalated,Transaction requires human review.,0.0,,,,,
2026-08-30T12:03:43.326623,TXN_100115,CUST_1115,43611.59,0.5404,Authentication failure,customer_action,send_payment_reminder,Moderate recovery probability; assisted recovery is safer.,medium,pending,Payment recovery reminder generated.,0.0,,,,,
2026-08-30T12:03:43.326623,TXN_100116,CUST_1116,40242.5,0.5913,Expired payment method,payment_method_update,human_review,Permanent or bank-declined failure should not be automatically retried.,high,escalated,Transaction requires human review.,0.0,,,,,
2026-08-30T12:03:43.338162,TXN_100117,CUST_1117,9572.53,0.2837,No specific payment failure,reminder,no_action,Recovery probability is below the 0.40 operating threshold.,low,stopped,Recovery stopped by decision policy.,0.0,,,,,
2026-08-30T12:03:43.338162,TXN_100118,CUST_1118,44660.18,0.6401,No specific payment failure,reminder,send_payment_reminder,Moderate recovery probability; assisted recovery is safer.,medium,pending,Payment recovery reminder generated.,0.0,,,,,
2026-08-30T12:03:43.338162,TXN_100119,CUST_1119,27105.31,0.6876,Authentication failure,customer_action,send_payment_reminder,Moderate recovery probability; assisted recovery is safer.,medium,pending,Payment recovery reminder generated.,0.0,,,,,
2026-08-30T12:03:43.338162,TXN_100120,CUST_1120,40429.78,0.2037,Bank declined the transaction,alternative_payment,human_review,Permanent or bank-declined failure should not be automatically retried.,high,escalated,Transaction requires human review.,0.0,,,,,
2026-08-30T12:03:43.338162,TXN_100121,CUST_1121,44835.74,0.2891,Insufficient customer funds,payment_reminder,no_action,Recovery probability is below the 0.40 operating threshold.,low,stopped,Recovery stopped by decision policy.,0.0,,,,,
2026-08-30T12:03:43.355494,TXN_100122,CUST_1122,16104.77,0.2952,Bank declined the transaction,alternative_payment,human_review,Permanent or bank-declined failure should not be automatically retried.,high,escalated,Transaction requires human review.,0.0,,,,,
2026-08-30T12:03:43.355494,TXN_100123,CUST_1123,5769.58,0.7448,Temporary payment failure,retry,retry_payment,High recovery probability and retryable payment failure.,low,recovered,Payment successfully recovered in simulation mode.,5769.58,,,,,
2026-08-30T12:03:43.355494,TXN_100124,CUST_1124,11628.38,0.3875,No specific payment failure,reminder,no_action,Recovery probability is below the 0.40 operating threshold.,low,stopped,Recovery stopped by decision policy.,0.0,,,,,
2026-08-30T12:03:43.355494,TXN_100125,CUST_1125,21527.26,0.772,Network-related payment failure,retry,retry_payment,High recovery probability and retryable payment failure.,low,recovered,Payment successfully recovered in simulation mode.,21527.26,,,,,
2026-08-30T12:03:43.370150,TXN_100126,CUST_1126,40955.33,0.6976,Temporary payment failure,retry,send_payment_reminder,Moderate recovery probability; assisted recovery is safer.,medium,pending,Payment recovery reminder generated.,0.0,,,,,
2026-08-30T12:03:43.370150,TXN_100127,CUST_1127,43078.31,0.3087,Bank declined the transaction,alternative_payment,human_review,Permanent or bank-declined failure should not be automatically retried.,high,escalated,Transaction requires human review.,0.0,,,,,
2026-08-30T12:03:43.370150,TXN_100128,CUST_1128,645.52,0.4765,Network-related payment failure,retry,send_payment_reminder,Moderate recovery probability; assisted recovery is safer.,medium,pending,Payment recovery reminder generated.,0.0,,,,,
2026-08-30T12:03:43.370150,TXN_100129,CUST_1129,25684.14,0.9479,Network-related payment failure,retry,retry_payment,High recovery probability and retryable payment failure.,low,failed,Payment retry failed in simulation mode.,0.0,,,,,
2026-08-30T12:03:43.370150,TXN_100130,CUST_1130,21045.33,0.7832,Temporary payment failure,retry,retry_payment,High recovery probability and retryable payment failure.,low,recovered,Payment successfully recovered in simulation mode.,21045.33,,,,,
2026-08-30T12:03:43.386024,TXN_100131,CUST_1131,11338.76,0.8064,No specific payment failure,reminder,send_payment_reminder,Moderate recovery probability; assisted recovery is safer.,medium,pending,Payment recovery reminder generated.,0.0,,,,,
2026-08-30T12:03:43.392398,TXN_100132,CUST_1132,6257.31,0.4116,Insufficient customer funds,payment_reminder,send_payment_reminder,Moderate recovery probability; assisted recovery is safer.,medium,pending,Payment recovery reminder generated.,0.0,,,,,
2026-08-30T12:03:43.395433,TXN_100133,CUST_1133,17079.47,0.9007,Temporary payment failure,retry,retry_payment,High recovery probability and retryable payment failure.,low,recovered,Payment successfully recovered in simulation mode.,17079.47,,,,,
2026-08-30T12:03:43.395433,TXN_100134,CUST_1134,47162.61,0.6645,Temporary payment failure,retry,send_payment_reminder,Moderate recovery probability; assisted recovery is safer.,medium,pending,Payment recovery reminder generated.,0.0,,,,,
2026-08-30T12:03:43.401982,TXN_100135,CUST_1135,16363.19,0.8799,Network-related payment failure,retry,retry_payment,High recovery probability and retryable payment failure.,low,failed,Payment retry failed in simulation mode.,0.0,,,,,
2026-08-30T12:03:43.401982,TXN_100136,CUST_1136,26083.89,0.7215,Temporary payment failure,retry,retry_payment,High recovery probability and retryable payment failure.,low,recovered,Payment successfully recovered in simulation mode.,26083.89,,,,,
2026-08-30T12:03:43.401982,TXN_100137,CUST_1137,35240.04,0.6448,Temporary payment failure,retry,send_payment_reminder,Moderate recovery probability; assisted recovery is safer.,medium,pending,Payment recovery reminder generated.,0.0,,,,,
2026-08-30T12:03:43.401982,TXN_100138,CUST_1138,18372.39,0.3183,Bank declined the transaction,alternative_payment,human_review,Permanent or bank-declined failure should not be automatically retried.,high,escalated,Transaction requires human review.,0.0,,,,,
2026-08-30T12:03:43.419397,TXN_100139,CUST_1139,48597.57,0.7906,Network-related payment failure,retry,retry_payment,High recovery probability and retryable payment failure.,low,recovered,Payment successfully recovered in simulation mode.,48597.57,,,,,
2026-08-30T12:03:43.422560,TXN_100140,CUST_1140,48133.63,0.6575,Temporary payment failure,retry,send_payment_reminder,Moderate recovery probability; assisted recovery is safer.,medium,pending,Payment recovery reminder generated.,0.0,,,,,
2026-08-30T12:03:43.427211,TXN_100141,CUST_1141,12813.58,0.4143,Bank declined the transaction,alternative_payment,human_review,Permanent or bank-declined failure should not be automatically retried.,high,escalated,Transaction requires human review.,0.0,,,,,
2026-08-30T12:03:43.430349,TXN_100142,CUST_1142,25013.25,0.946,Bank declined the transaction,alternative_payment,human_review,Permanent or bank-declined failure should not be automatically retried.,high,escalated,Transaction requires human review.,0.0,,,,,
2026-08-30T12:03:43.435072,TXN_100143,CUST_1143,15253.65,0.795,Temporary payment failure,retry,retry_payment,High recovery probability and retryable payment failure.,low,recovered,Payment successfully recovered in simulation mode.,15253.65,,,,,
2026-08-30T12:03:43.438147,TXN_100144,CUST_1144,14456.57,0.2911,Authentication failure,customer_action,no_action,Recovery probability is below the 0.40 operating threshold.,low,stopped,Recovery stopped by decision policy.,0.0,,,,,
2026-08-30T12:03:43.444324,TXN_100145,CUST_1145,2133.28,0.2012,Temporary payment failure,retry,no_action,Recovery probability is below the 0.40 operating threshold.,low,stopped,Recovery stopped by decision policy.,0.0,,,,,
2026-08-30T12:03:43.447448,TXN_100146,CUST_1146,30595.35,0.8672,Temporary payment failure,retry,retry_payment,High recovery probability and retryable payment failure.,low,recovered,Payment successfully recovered in simulation mode.,30595.35,,,,,
2026-08-30T12:03:43.452266,TXN_100147,CUST_1147,25283.15,0.2555,Authentication failure,customer_action,no_action,Recovery probability is below the 0.40 operating threshold.,low,stopped,Recovery stopped by decision policy.,0.0,,,,,
2026-08-30T12:03:43.455404,TXN_100148,CUST_1148,2858.49,0.5053,Insufficient customer funds,payment_reminder,send_payment_reminder,Moderate recovery probability; assisted recovery is safer.,medium,pending,Payment recovery reminder generated.,0.0,,,,,
2026-08-30T12:03:43.455404,TXN_100149,CUST_1149,14148.73,0.9332,Temporary payment failure,retry,retry_payment,High recovery probability and retryable payment failure.,low,recovered,Payment successfully recovered in simulation mode.,14148.73,,,,,
2026-08-30T12:03:43.455404,TXN_100150,CUST_1150,45440.81,0.5119,Bank declined the transaction,alternative_payment,human_review,Permanent or bank-declined failure should not be automatically retried.,high,escalated,Transaction requires human review.,0.0,,,,,
2026-08-30T12:03:43.466505,TXN_100151,CUST_1151,12206.23,0.7569,No specific payment failure,reminder,send_payment_reminder,Moderate recovery probability; assisted recovery is safer.,medium,pending,Payment recovery reminder generated.,0.0,,,,,
2026-08-30T12:03:43.466505,TXN_100152,CUST_1152,7501.28,0.1971,Expired payment method,payment_method_update,human_review,Permanent or bank-declined failure should not be automatically retried.,high,escalated,Transaction requires human review.,0.0,,,,,
2026-08-30T12:03:43.478179,TXN_100153,CUST_1153,24625.8,0.4816,No specific payment failure,reminder,send_payment_reminder,Moderate recovery probability; assisted recovery is safer.,medium,pending,Payment recovery reminder generated.,0.0,,,,,
2026-08-30T12:03:43.478179,TXN_100154,CUST_1154,49286.83,0.5177,No specific payment failure,reminder,send_payment_reminder,Moderate recovery probability; assisted recovery is safer.,medium,pending,Payment recovery reminder generated.,0.0,,,,,
2026-08-30T12:03:43.478179,TXN_100155,CUST_1155,12330.15,0.8135,No specific payment failure,reminder,send_payment_reminder,Moderate recovery probability; assisted recovery is safer.,medium,pending,Payment recovery reminder generated.,0.0,,,,,
2026-08-30T12:03:43.490567,TXN_100156,CUST_1156,33705.14,0.479,No specific payment failure,reminder,send_payment_reminder,Moderate recovery probability; assisted recovery is safer.,medium,pending,Payment recovery reminder generated.,0.0,,,,,
2026-08-30T12:03:43.495545,TXN_100157,CUST_1157,38152.49,0.8691,Network-related payment failure,retry,retry_payment,High recovery probability and retryable payment failure.,low,failed,Payment retry failed in simulation mode.,0.0,,,,,
2026-08-30T12:03:43.497551,TXN_100158,CUST_1158,12110.59,0.4887,Bank declined the transaction,alternative_payment,human_review,Permanent or bank-declined failure should not be automatically retried.,high,escalated,Transaction requires human review.,0.0,,,,,
2026-08-30T12:03:43.501563,TXN_100159,CUST_1159,36492.35,0.1381,Insufficient customer funds,payment_reminder,no_action,Recovery probability is below the 0.40 operating threshold.,low,stopped,Recovery stopped by decision policy.,0.0,,,,,
2026-08-30T12:03:43.506342,TXN_100160,CUST_1160,18578.82,0.7628,Expired payment method,payment_method_update,human_review,Permanent or bank-declined failure should not be automatically retried.,high,escalated,Transaction requires human review.,0.0,,,,,
2026-08-30T12:03:43.510543,TXN_100161,CUST_1161,31725.6,0.6841,No specific payment failure,reminder,send_payment_reminder,Moderate recovery probability; assisted recovery is safer.,medium,pending,Payment recovery reminder generated.,0.0,,,,,
2026-08-30T12:03:43.513740,TXN_100162,CUST_1162,31786.43,0.201,Authentication failure,customer_action,no_action,Recovery probability is below the 0.40 operating threshold.,low,stopped,Recovery stopped by decision policy.,0.0,,,,,
2026-08-30T12:03:43.516919,TXN_100163,CUST_1163,26928.0,0.2652,Expired payment method,payment_method_update,human_review,Permanent or bank-declined failure should not be automatically retried.,high,escalated,Transaction requires human review.,0.0,,,,,
2026-08-30T12:03:43.516919,TXN_100164,CUST_1164,4787.4,0.2989,Authentication failure,customer_action,no_action,Recovery probability is below the 0.40 operating threshold.,low,stopped,Recovery stopped by decision policy.,0.0,,,,,
2026-08-30T12:03:43.526078,TXN_100165,CUST_1165,41814.53,0.8773,Bank declined the transaction,alternative_payment,human_review,Permanent or bank-declined failure should not be automatically retried.,high,escalated,Transaction requires human review.,0.0,,,,,
2026-08-30T12:03:43.528520,TXN_100166,CUST_1166,16242.77,0.4434,Bank declined the transaction,alternative_payment,human_review,Permanent or bank-declined failure should not be automatically retried.,high,escalated,Transaction requires human review.,0.0,,,,,
2026-08-30T12:03:43.528520,TXN_100167,CUST_1167,9569.97,0.5065,Authentication failure,customer_action,send_payment_reminder,Moderate recovery probability; assisted recovery is safer.,medium,pending,Payment recovery reminder generated.,0.0,,,,,
2026-08-30T12:03:43.528520,TXN_100168,CUST_1168,2326.52,0.4479,Bank declined the transaction,alternative_payment,human_review,Permanent or bank-declined failure should not be automatically retried.,high,escalated,Transaction requires human review.,0.0,,,,,
2026-08-30T12:03:43.528520,TXN_100169,CUST_1169,29667.38,0.1083,No specific payment failure,reminder,no_action,Recovery probability is below the 0.40 operating threshold.,low,stopped,Recovery stopped by decision policy.,0.0,,,,,
2026-08-30T12:03:43.544240,TXN_100170,CUST_1170,33974.95,0.5729,No specific payment failure,reminder,send_payment_reminder,Moderate recovery probability; assisted recovery is safer.,medium,pending,Payment recovery reminder generated.,0.0,,,,,
2026-08-30T12:03:43.544240,TXN_100171,CUST_1171,1124.42,0.5595,No specific payment failure,reminder,send_payment_reminder,Moderate recovery probability; assisted recovery is safer.,medium,pending,Payment recovery reminder generated.,0.0,,,,,
2026-08-30T12:03:43.544240,TXN_100172,CUST_1172,25751.02,0.2954,Insufficient customer funds,payment_reminder,no_action,Recovery probability is below the 0.40 operating threshold.,low,stopped,Recovery stopped by decision policy.,0.0,,,,,
2026-08-30T12:03:43.544240,TXN_100173,CUST_1173,11556.84,0.8743,No specific payment failure,reminder,send_payment_reminder,Moderate recovery probability; assisted recovery is safer.,medium,pending,Payment recovery reminder generated.,0.0,,,,,
2026-08-30T12:03:43.544240,TXN_100174,CUST_1174,32365.09,0.4061,Bank declined the transaction,alternative_payment,human_review,Permanent or bank-declined failure should not be automatically retried.,high,escalated,Transaction requires human review.,0.0,,,,,
2026-08-30T12:03:43.560114,TXN_100175,CUST_1175,8966.01,0.4786,Bank declined the transaction,alternative_payment,human_review,Permanent or bank-declined failure should not be automatically retried.,high,escalated,Transaction requires human review.,0.0,,,,,
2026-08-30T12:03:43.560114,TXN_100176,CUST_1176,34639.61,0.5747,Expired payment method,payment_method_update,human_review,Permanent or bank-declined failure should not be automatically retried.,high,escalated,Transaction requires human review.,0.0,,,,,
2026-08-30T12:03:43.560114,TXN_100177,CUST_1177,19520.75,0.6245,Bank declined the transaction,alternative_payment,human_review,Permanent or bank-declined failure should not be automatically retried.,high,escalated,Transaction requires human review.,0.0,,,,,
2026-08-30T12:03:43.572990,TXN_100178,CUST_1178,46855.48,0.7112,Temporary payment failure,retry,retry_payment,High recovery probability and retryable payment failure.,low,failed,Payment retry failed in simulation mode.,0.0,,,,,
2026-08-30T12:03:43.576029,TXN_100179,CUST_1179,7134.79,0.1245,Bank declined the transaction,alternative_payment,human_review,Permanent or bank-declined failure should not be automatically retried.,high,escalated,Transaction requires human review.,0.0,,,,,
2026-08-30T12:03:43.576029,TXN_100180,CUST_1180,17251.0,0.3525,Expired payment method,payment_method_update,human_review,Permanent or bank-declined failure should not be automatically retried.,high,escalated,Transaction requires human review.,0.0,,,,,
2026-08-30T12:03:43.576029,TXN_100181,CUST_1181,5939.63,0.2523,Bank declined the transaction,alternative_payment,human_review,Permanent or bank-declined failure should not be automatically retried.,high,escalated,Transaction requires human review.,0.0,,,,,
2026-08-30T12:03:43.576029,TXN_100182,CUST_1182,46257.27,0.9272,Network-related payment failure,retry,retry_payment,High recovery probability and retryable payment failure.,low,recovered,Payment successfully recovered in simulation mode.,46257.27,,,,,
2026-08-30T12:03:43.591949,TXN_100183,CUST_1183,43903.77,0.9025,Expired payment method,payment_method_update,human_review,Permanent or bank-declined failure should not be automatically retried.,high,escalated,Transaction requires human review.,0.0,,,,,
2026-08-30T12:03:43.595515,TXN_100184,CUST_1184,13119.7,0.5433,No specific payment failure,reminder,send_payment_reminder,Moderate recovery probability; assisted recovery is safer.,medium,pending,Payment recovery reminder generated.,0.0,,,,,
2026-08-30T12:03:43.595515,TXN_100185,CUST_1185,33101.21,0.196,No specific payment failure,reminder,no_action,Recovery probability is below the 0.40 operating threshold.,low,stopped,Recovery stopped by decision policy.,0.0,,,,,
2026-08-30T12:03:43.595515,TXN_100186,CUST_1186,40915.94,0.201,Bank declined the transaction,alternative_payment,human_review,Permanent or bank-declined failure should not be automatically retried.,high,escalated,Transaction requires human review.,0.0,,,,,
2026-08-30T12:03:43.605894,TXN_100187,CUST_1187,27893.48,0.7006,Temporary payment failure,retry,retry_payment,High recovery probability and retryable payment failure.,low,failed,Payment retry failed in simulation mode.,0.0,,,,,
2026-08-30T12:03:43.608863,TXN_100188,CUST_1188,26623.63,0.5363,Bank declined the transaction,alternative_payment,human_review,Permanent or bank-declined failure should not be automatically retried.,high,escalated,Transaction requires human review.,0.0,,,,,
2026-08-30T12:03:43.608863,TXN_100189,CUST_1189,12320.06,0.4566,Bank declined the transaction,alternative_payment,human_review,Permanent or bank-declined failure should not be automatically retried.,high,escalated,Transaction requires human review.,0.0,,,,,
2026-08-30T12:03:43.608863,TXN_100190,CUST_1190,4927.21,0.2342,Expired payment method,payment_method_update,human_review,Permanent or bank-declined failure should not be automatically retried.,high,escalated,Transaction requires human review.,0.0,,,,,
2026-08-30T12:03:43.608863,TXN_100191,CUST_1191,44891.62,0.8722,Temporary payment failure,retry,retry_payment,High recovery probability and retryable payment failure.,low,recovered,Payment successfully recovered in simulation mode.,44891.62,,,,,
2026-08-30T12:03:43.623669,TXN_100192,CUST_1192,45050.78,0.639,Bank declined the transaction,alternative_payment,human_review,Permanent or bank-declined failure should not be automatically retried.,high,escalated,Transaction requires human review.,0.0,,,,,
2026-08-30T12:03:43.623669,TXN_100193,CUST_1193,31765.14,0.5616,No specific payment failure,reminder,send_payment_reminder,Moderate recovery probability; assisted recovery is safer.,medium,pending,Payment recovery reminder generated.,0.0,,,,,
2026-08-30T12:03:43.623669,TXN_100194,CUST_1194,17149.78,0.3371,Expired payment method,payment_method_update,human_review,Permanent or bank-declined failure should not be automatically retried.,high,escalated,Transaction requires human review.,0.0,,,,,
2026-08-30T12:03:43.623669,TXN_100195,CUST_1195,17655.72,0.7384,No specific payment failure,reminder,send_payment_reminder,Moderate recovery probability; assisted recovery is safer.,medium,pending,Payment recovery reminder generated.,0.0,,,,,
2026-08-30T12:03:43.639679,TXN_100196,CUST_1196,36380.0,0.3519,No specific payment failure,reminder,no_action,Recovery probability is below the 0.40 operating threshold.,low,stopped,Recovery stopped by decision policy.,0.0,,,,,
2026-08-30T12:03:43.642577,TXN_100197,CUST_1197,44886.38,0.472,No specific payment failure,reminder,send_payment_reminder,Moderate recovery probability; assisted recovery is safer.,medium,pending,Payment recovery reminder generated.,0.0,,,,,
2026-08-30T12:03:43.642577,TXN_100198,CUST_1198,44388.2,0.2865,Expired payment method,payment_method_update,human_review,Permanent or bank-declined failure should not be automatically retried.,high,escalated,Transaction requires human review.,0.0,,,,,
2026-08-30T12:03:43.642577,TXN_100199,CUST_1199,39059.81,0.7577,Bank declined the transaction,alternative_payment,human_review,Permanent or bank-declined failure should not be automatically retried.,high,escalated,Transaction requires human review.,0.0,,,,,
2026-08-30T12:03:43.642577,TXN_100200,CUST_1200,32208.97,0.8085,No specific payment failure,reminder,send_payment_reminder,Moderate recovery probability; assisted recovery is safer.,medium,pending,Payment recovery reminder generated.,0.0,,,,,
2026-08-30T12:03:43.656228,TXN_100201,CUST_1201,4481.76,0.7413,Network-related payment failure,retry,retry_payment,High recovery probability and retryable payment failure.,low,recovered,Payment successfully recovered in simulation mode.,4481.76,,,,,
2026-08-30T12:03:43.656228,TXN_100202,CUST_1202,8332.95,0.3488,Insufficient customer funds,payment_reminder,no_action,Recovery probability is below the 0.40 operating threshold.,low,stopped,Recovery stopped by decision policy.,0.0,,,,,
2026-08-30T12:03:43.656228,TXN_100203,CUST_1203,44958.14,0.3891,Insufficient customer funds,payment_reminder,no_action,Recovery probability is below the 0.40 operating threshold.,low,stopped,Recovery stopped by decision policy.,0.0,,,,,
2026-08-30T12:03:43.656228,TXN_100204,CUST_1204,30439.52,0.5588,Expired payment method,payment_method_update,human_review,Permanent or bank-declined failure should not be automatically retried.,high,escalated,Transaction requires human review.,0.0,,,,,
2026-08-30T12:03:43.673850,TXN_100205,CUST_1205,757.09,0.8012,No specific payment failure,reminder,send_payment_reminder,Moderate recovery probability; assisted recovery is safer.,medium,pending,Payment recovery reminder generated.,0.0,,,,,
2026-08-30T12:03:43.676704,TXN_100206,CUST_1206,5343.14,0.8627,Temporary payment failure,retry,retry_payment,High recovery probability and retryable payment failure.,low,recovered,Payment successfully recovered in simulation mode.,5343.14,,,,,
2026-08-30T12:03:43.681332,TXN_100207,CUST_1207,33276.04,0.8668,Temporary payment failure,retry,retry_payment,High recovery probability and retryable payment failure.,low,recovered,Payment successfully recovered in simulation mode.,33276.04,,,,,
2026-08-30T12:03:43.686073,TXN_100208,CUST_1208,551.56,0.4206,No specific payment failure,reminder,send_payment_reminder,Moderate recovery probability; assisted recovery is safer.,medium,pending,Payment recovery reminder generated.,0.0,,,,,
2026-08-30T12:03:43.691522,TXN_100209,CUST_1209,8292.16,0.1588,No specific payment failure,reminder,no_action,Recovery probability is below the 0.40 operating threshold.,low,stopped,Recovery stopped by decision policy.,0.0,,,,,
2026-08-30T12:03:43.695536,TXN_100210,CUST_1210,27572.07,0.219,Insufficient customer funds,payment_reminder,no_action,Recovery probability is below the 0.40 operating threshold.,low,stopped,Recovery stopped by decision policy.,0.0,,,,,
2026-08-30T12:03:43.699552,TXN_100211,CUST_1211,34687.19,0.8579,Bank declined the transaction,alternative_payment,human_review,Permanent or bank-declined failure should not be automatically retried.,high,escalated,Transaction requires human review.,0.0,,,,,
2026-08-30T12:03:43.703835,TXN_100212,CUST_1212,32702.47,0.3717,Expired payment method,payment_method_update,human_review,Permanent or bank-declined failure should not be automatically retried.,high,escalated,Transaction requires human review.,0.0,,,,,
2026-08-30T12:03:43.706264,TXN_100213,CUST_1213,11446.18,0.2083,Bank declined the transaction,alternative_payment,human_review,Permanent or bank-declined failure should not be automatically retried.,high,escalated,Transaction requires human review.,0.0,,,,,
2026-08-30T12:03:43.706264,TXN_100214,CUST_1214,35695.31,0.6378,No specific payment failure,reminder,send_payment_reminder,Moderate recovery probability; assisted recovery is safer.,medium,pending,Payment recovery reminder generated.,0.0,,,,,
2026-08-30T12:03:43.713528,TXN_100215,CUST_1215,12091.28,0.7971,Temporary payment failure,retry,retry_payment,High recovery probability and retryable payment failure.,low,recovered,Payment successfully recovered in simulation mode.,12091.28,,,,,
2026-08-30T12:03:43.713528,TXN_100216,CUST_1216,16472.36,0.5415,Temporary payment failure,retry,send_payment_reminder,Moderate recovery probability; assisted recovery is safer.,medium,pending,Payment recovery reminder generated.,0.0,,,,,
2026-08-30T12:03:43.713528,TXN_100217,CUST_1217,37400.62,0.273,Insufficient customer funds,payment_reminder,no_action,Recovery probability is below the 0.40 operating threshold.,low,stopped,Recovery stopped by decision policy.,0.0,,,,,
2026-08-30T12:03:43.713528,TXN_100218,CUST_1218,32586.76,0.1638,Insufficient customer funds,payment_reminder,no_action,Recovery probability is below the 0.40 operating threshold.,low,stopped,Recovery stopped by decision policy.,0.0,,,,,
2026-08-30T12:03:43.729604,TXN_100219,CUST_1219,42506.4,0.6411,Temporary payment failure,retry,send_payment_reminder,Moderate recovery probability; assisted recovery is safer.,medium,pending,Payment recovery reminder generated.,0.0,,,,,
2026-08-30T12:03:43.733617,TXN_100220,CUST_1220,32983.36,0.9208,Temporary payment failure,retry,retry_payment,High recovery probability and retryable payment failure.,low,recovered,Payment successfully recovered in simulation mode.,32983.36,,,,,
2026-08-30T12:03:43.737634,TXN_100221,CUST_1221,28544.94,0.5549,No specific payment failure,reminder,send_payment_reminder,Moderate recovery probability; assisted recovery is safer.,medium,pending,Payment recovery reminder generated.,0.0,,,,,
2026-08-30T12:03:43.741646,TXN_100222,CUST_1222,4955.64,0.8119,Temporary payment failure,retry,retry_payment,High recovery probability and retryable payment failure.,low,recovered,Payment successfully recovered in simulation mode.,4955.64,,,,,
2026-08-30T12:03:43.743652,TXN_100223,CUST_1223,18575.48,0.4481,No specific payment failure,reminder,send_payment_reminder,Moderate recovery probability; assisted recovery is safer.,medium,pending,Payment recovery reminder generated.,0.0,,,,,
2026-08-30T12:03:43.743652,TXN_100224,CUST_1224,13480.56,0.7445,Bank declined the transaction,alternative_payment,human_review,Permanent or bank-declined failure should not be automatically retried.,high,escalated,Transaction requires human review.,0.0,,,,,
2026-08-30T12:03:43.743652,TXN_100225,CUST_1225,12426.29,0.0992,Expired payment method,payment_method_update,human_review,Permanent or bank-declined failure should not be automatically retried.,high,escalated,Transaction requires human review.,0.0,,,,,
2026-08-30T12:03:43.743652,TXN_100226,CUST_1226,48658.62,0.3403,Insufficient customer funds,payment_reminder,no_action,Recovery probability is below the 0.40 operating threshold.,low,stopped,Recovery stopped by decision policy.,0.0,,,,,
2026-08-30T12:03:43.759633,TXN_100227,CUST_1227,19836.96,0.2031,Insufficient customer funds,payment_reminder,no_action,Recovery probability is below the 0.40 operating threshold.,low,stopped,Recovery stopped by decision policy.,0.0,,,,,
2026-08-30T12:03:43.763653,TXN_100228,CUST_1228,44634.71,0.8682,Network-related payment failure,retry,retry_payment,High recovery probability and retryable payment failure.,low,recovered,Payment successfully recovered in simulation mode.,44634.71,,,,,
2026-08-30T12:03:43.765659,TXN_100229,CUST_1229,31667.59,0.8396,Network-related payment failure,retry,retry_payment,High recovery probability and retryable payment failure.,low,recovered,Payment successfully recovered in simulation mode.,31667.59,,,,,
2026-08-30T12:03:43.769674,TXN_100230,CUST_1230,39802.12,0.3025,No specific payment failure,reminder,no_action,Recovery probability is below the 0.40 operating threshold.,low,stopped,Recovery stopped by decision policy.,0.0,,,,,
2026-08-30T12:03:43.773688,TXN_100231,CUST_1231,25281.06,0.5197,No specific payment failure,reminder,send_payment_reminder,Moderate recovery probability; assisted recovery is safer.,medium,pending,Payment recovery reminder generated.,0.0,,,,,
2026-08-30T12:03:43.775436,TXN_100232,CUST_1232,28972.12,0.3016,Expired payment method,payment_method_update,human_review,Permanent or bank-declined failure should not be automatically retried.,high,escalated,Transaction requires human review.,0.0,,,,,
2026-08-30T12:03:43.775436,TXN_100233,CUST_1233,24778.13,0.2075,Bank declined the transaction,alternative_payment,human_review,Permanent or bank-declined failure should not be automatically retried.,high,escalated,Transaction requires human review.,0.0,,,,,
2026-08-30T12:03:43.775436,TXN_100234,CUST_1234,10003.58,0.8434,No specific payment failure,reminder,send_payment_reminder,Moderate recovery probability; assisted recovery is safer.,medium,pending,Payment recovery reminder generated.,0.0,,,,,
2026-08-30T12:03:43.775436,TXN_100235,CUST_1235,36205.87,0.8229,Network-related payment failure,retry,retry_payment,High recovery probability and retryable payment failure.,low,recovered,Payment successfully recovered in simulation mode.,36205.87,,,,,
2026-08-30T12:03:43.791446,TXN_100236,CUST_1236,14254.39,0.1636,No specific payment failure,reminder,no_action,Recovery probability is below the 0.40 operating threshold.,low,stopped,Recovery stopped by decision policy.,0.0,,,,,
2026-08-30T12:03:43.795466,TXN_100237,CUST_1237,1508.5,0.8595,No specific payment failure,reminder,send_payment_reminder,Moderate recovery probability; assisted recovery is safer.,medium,pending,Payment recovery reminder generated.,0.0,,,,,
2026-08-30T12:03:43.799479,TXN_100238,CUST_1238,32379.97,0.8338,Temporary payment failure,retry,retry_payment,High recovery probability and retryable payment failure.,low,recovered,Payment successfully recovered in simulation mode.,32379.97,,,,,
2026-08-30T12:03:43.803493,TXN_100239,CUST_1239,9102.4,0.7756,Bank declined the transaction,alternative_payment,human_review,Permanent or bank-declined failure should not be automatically retried.,high,escalated,Transaction requires human review.,0.0,,,,,
2026-08-30T12:03:43.805500,TXN_100240,CUST_1240,47040.79,0.7429,Network-related payment failure,retry,retry_payment,High recovery probability and retryable payment failure.,low,recovered,Payment successfully recovered in simulation mode.,47040.79,,,,,
2026-08-30T12:03:43.809255,TXN_100241,CUST_1241,47710.25,0.4527,Expired payment method,payment_method_update,human_review,Permanent or bank-declined failure should not be automatically retried.,high,escalated,Transaction requires human review.,0.0,,,,,
2026-08-30T12:03:43.813268,TXN_100242,CUST_1242,45768.76,0.8318,Network-related payment failure,retry,retry_payment,High recovery probability and retryable payment failure.,low,recovered,Payment successfully recovered in simulation mode.,45768.76,,,,,
2026-08-30T12:03:43.817282,TXN_100243,CUST_1243,18696.89,0.5477,No specific payment failure,reminder,send_payment_reminder,Moderate recovery probability; assisted recovery is safer.,medium,pending,Payment recovery reminder generated.,0.0,,,,,
2026-08-30T12:03:43.821303,TXN_100244,CUST_1244,1068.19,0.1306,Insufficient customer funds,payment_reminder,no_action,Recovery probability is below the 0.40 operating threshold.,low,stopped,Recovery stopped by decision policy.,0.0,,,,,
2026-08-30T12:03:43.823051,TXN_100245,CUST_1245,46437.43,0.4698,Insufficient customer funds,payment_reminder,send_payment_reminder,Moderate recovery probability; assisted recovery is safer.,medium,pending,Payment recovery reminder generated.,0.0,,,,,
2026-08-30T12:03:43.823051,TXN_100246,CUST_1246,21580.75,0.6386,Temporary payment failure,retry,send_payment_reminder,Moderate recovery probability; assisted recovery is safer.,medium,pending,Payment recovery reminder generated.,0.0,,,,,
2026-08-30T12:03:43.823051,TXN_100247,CUST_1247,48342.74,0.9295,Network-related payment failure,retry,retry_payment,High recovery probability and retryable payment failure.,low,recovered,Payment successfully recovered in simulation mode.,48342.74,,,,,
2026-08-30T12:03:43.823051,TXN_100248,CUST_1248,48191.91,0.155,Expired payment method,payment_method_update,human_review,Permanent or bank-declined failure should not be automatically retried.,high,escalated,Transaction requires human review.,0.0,,,,,
2026-08-30T12:03:43.838713,TXN_100249,CUST_1249,42694.57,0.9341,Bank declined the transaction,alternative_payment,human_review,Permanent or bank-declined failure should not be automatically retried.,high,escalated,Transaction requires human review.,0.0,,,,,
2026-08-30T12:03:43.841504,TXN_100250,CUST_1250,14934.11,0.5783,Network-related payment failure,retry,send_payment_reminder,Moderate recovery probability; assisted recovery is safer.,medium,pending,Payment recovery reminder generated.,0.0,,,,,
2026-08-30T12:03:43.841504,TXN_100251,CUST_1251,19439.36,0.7914,Temporary payment failure,retry,retry_payment,High recovery probability and retryable payment failure.,low,recovered,Payment successfully recovered in simulation mode.,19439.36,,,,,
2026-08-30T12:03:43.841504,TXN_100252,CUST_1252,42601.49,0.2071,Temporary payment failure,retry,no_action,Recovery probability is below the 0.40 operating threshold.,low,stopped,Recovery stopped by decision policy.,0.0,,,,,
2026-08-30T12:03:43.856512,TXN_100253,CUST_1253,16051.02,0.4925,Expired payment method,payment_method_update,human_review,Permanent or bank-declined failure should not be automatically retried.,high,escalated,Transaction requires human review.,0.0,,,,,
2026-08-30T12:03:43.859525,TXN_100254,CUST_1254,8723.79,0.578,Bank declined the transaction,alternative_payment,human_review,Permanent or bank-declined failure should not be automatically retried.,high,escalated,Transaction requires human review.,0.0,,,,,
2026-08-30T12:03:43.865218,TXN_100255,CUST_1255,27973.02,0.5421,Expired payment method,payment_method_update,human_review,Permanent or bank-declined failure should not be automatically retried.,high,escalated,Transaction requires human review.,0.0,,,,,
2026-08-30T12:03:43.867936,TXN_100256,CUST_1256,46826.89,0.4802,No specific payment failure,reminder,send_payment_reminder,Moderate recovery probability; assisted recovery is safer.,medium,pending,Payment recovery reminder generated.,0.0,,,,,
2026-08-30T12:03:43.867936,TXN_100257,CUST_1257,34892.68,0.2866,No specific payment failure,reminder,no_action,Recovery probability is below the 0.40 operating threshold.,low,stopped,Recovery stopped by decision policy.,0.0,,,,,
2026-08-30T12:03:43.878760,TXN_100258,CUST_1258,28632.04,0.5823,Temporary payment failure,retry,send_payment_reminder,Moderate recovery probability; assisted recovery is safer.,medium,pending,Payment recovery reminder generated.,0.0,,,,,
2026-08-30T12:03:43.878760,TXN_100259,CUST_1259,5129.67,0.5362,Authentication failure,customer_action,send_payment_reminder,Moderate recovery probability; assisted recovery is safer.,medium,pending,Payment recovery reminder generated.,0.0,,,,,
2026-08-30T12:03:43.884028,TXN_100260,CUST_1260,30865.86,0.0689,No specific payment failure,reminder,no_action,Recovery probability is below the 0.40 operating threshold.,low,stopped,Recovery stopped by decision policy.,0.0,,,,,
2026-08-30T12:03:43.887152,TXN_100261,CUST_1261,49505.68,0.7535,No specific payment failure,reminder,send_payment_reminder,Moderate recovery probability; assisted recovery is safer.,medium,pending,Payment recovery reminder generated.,0.0,,,,,
2026-08-30T12:03:43.887152,TXN_100262,CUST_1262,7262.18,0.5884,No specific payment failure,reminder,send_payment_reminder,Moderate recovery probability; assisted recovery is safer.,medium,pending,Payment recovery reminder generated.,0.0,,,,,
2026-08-30T12:03:43.895696,TXN_100263,CUST_1263,26060.98,0.2957,Insufficient customer funds,payment_reminder,no_action,Recovery probability is below the 0.40 operating threshold.,low,stopped,Recovery stopped by decision policy.,0.0,,,,,
2026-08-30T12:03:43.901070,TXN_100264,CUST_1264,43905.44,0.1414,Insufficient customer funds,payment_reminder,no_action,Recovery probability is below the 0.40 operating threshold.,low,stopped,Recovery stopped by decision policy.,0.0,,,,,
2026-08-30T12:03:43.903302,TXN_100265,CUST_1265,37116.2,0.8057,Network-related payment failure,retry,retry_payment,High recovery probability and retryable payment failure.,low,recovered,Payment successfully recovered in simulation mode.,37116.2,,,,,
2026-08-30T12:03:43.903302,TXN_100266,CUST_1266,34941.68,0.1352,No specific payment failure,reminder,no_action,Recovery probability is below the 0.40 operating threshold.,low,stopped,Recovery stopped by decision policy.,0.0,,,,,
2026-08-30T12:03:43.913008,TXN_100267,CUST_1267,35213.46,0.9107,Bank declined the transaction,alternative_payment,human_review,Permanent or bank-declined failure should not be automatically retried.,high,escalated,Transaction requires human review.,0.0,,,,,
2026-08-30T12:03:43.913008,TXN_100268,CUST_1268,18166.71,0.7955,Temporary payment failure,retry,retry_payment,High recovery probability and retryable payment failure.,low,recovered,Payment successfully recovered in simulation mode.,18166.71,,,,,
2026-08-30T12:03:43.913008,TXN_100269,CUST_1269,14891.51,0.3294,Expired payment method,payment_method_update,human_review,Permanent or bank-declined failure should not be automatically retried.,high,escalated,Transaction requires human review.,0.0,,,,,
2026-08-30T12:03:43.913008,TXN_100270,CUST_1270,40525.25,0.1552,Insufficient customer funds,payment_reminder,no_action,Recovery probability is below the 0.40 operating threshold.,low,stopped,Recovery stopped by decision policy.,0.0,,,,,
2026-08-30T12:03:43.927846,TXN_100271,CUST_1271,40562.64,0.9383,Temporary payment failure,retry,retry_payment,High recovery probability and retryable payment failure.,low,recovered,Payment successfully recovered in simulation mode.,40562.64,,,,,
2026-08-30T12:03:43.931865,TXN_100272,CUST_1272,43393.49,0.6382,Temporary payment failure,retry,send_payment_reminder,Moderate recovery probability; assisted recovery is safer.,medium,pending,Payment recovery reminder generated.,0.0,,,,,
2026-08-30T12:03:43.935882,TXN_100273,CUST_1273,45688.06,0.6256,Bank declined the transaction,alternative_payment,human_review,Permanent or bank-declined failure should not be automatically retried.,high,escalated,Transaction requires human review.,0.0,,,,,
2026-08-30T12:03:43.937889,TXN_100274,CUST_1274,25713.72,0.8844,Network-related payment failure,retry,retry_payment,High recovery probability and retryable payment failure.,low,failed,Payment retry failed in simulation mode.,0.0,,,,,
2026-08-30T12:03:43.941902,TXN_100275,CUST_1275,25225.36,0.5033,Bank declined the transaction,alternative_payment,human_review,Permanent or bank-declined failure should not be automatically retried.,high,escalated,Transaction requires human review.,0.0,,,,,
2026-08-30T12:03:43.943650,TXN_100276,CUST_1276,39975.27,0.5293,Temporary payment failure,retry,send_payment_reminder,Moderate recovery probability; assisted recovery is safer.,medium,pending,Payment recovery reminder generated.,0.0,,,,,
2026-08-30T12:03:43.943650,TXN_100277,CUST_1277,32603.21,0.4127,Temporary payment failure,retry,send_payment_reminder,Moderate recovery probability; assisted recovery is safer.,medium,pending,Payment recovery reminder generated.,0.0,,,,,
2026-08-30T12:03:43.943650,TXN_100278,CUST_1278,35187.75,0.217,Insufficient customer funds,payment_reminder,no_action,Recovery probability is below the 0.40 operating threshold.,low,stopped,Recovery stopped by decision policy.,0.0,,,,,
2026-08-30T12:03:43.943650,TXN_100279,CUST_1279,39850.9,0.644,Expired payment method,payment_method_update,human_review,Permanent or bank-declined failure should not be automatically retried.,high,escalated,Transaction requires human review.,0.0,,,,,
2026-08-30T12:03:43.959591,TXN_100280,CUST_1280,44533.27,0.8152,Temporary payment failure,retry,retry_payment,High recovery probability and retryable payment failure.,low,recovered,Payment successfully recovered in simulation mode.,44533.27,,,,,
2026-08-30T12:03:43.959591,TXN_100281,CUST_1281,17098.36,0.7939,Network-related payment failure,retry,retry_payment,High recovery probability and retryable payment failure.,low,recovered,Payment successfully recovered in simulation mode.,17098.36,,,,,
2026-08-30T12:03:43.959591,TXN_100282,CUST_1282,18966.47,0.7475,Temporary payment failure,retry,retry_payment,High recovery probability and retryable payment failure.,low,recovered,Payment successfully recovered in simulation mode.,18966.47,,,,,
2026-08-30T12:03:43.959591,TXN_100283,CUST_1283,4970.9,0.6719,Insufficient customer funds,payment_reminder,send_payment_reminder,Moderate recovery probability; assisted recovery is safer.,medium,pending,Payment recovery reminder generated.,0.0,,,,,
2026-08-30T12:03:43.959591,TXN_100284,CUST_1284,29040.52,0.7619,Temporary payment failure,retry,retry_payment,High recovery probability and retryable payment failure.,low,recovered,Payment successfully recovered in simulation mode.,29040.52,,,,,
2026-08-30T12:03:43.975498,TXN_100285,CUST_1285,2086.33,0.6692,Temporary payment failure,retry,send_payment_reminder,Moderate recovery probability; assisted recovery is safer.,medium,pending,Payment recovery reminder generated.,0.0,,,,,
2026-08-30T12:03:43.975498,TXN_100286,CUST_1286,23440.22,0.6322,Expired payment method,payment_method_update,human_review,Permanent or bank-declined failure should not be automatically retried.,high,escalated,Transaction requires human review.,0.0,,,,,
2026-08-30T12:03:43.975498,TXN_100287,CUST_1287,27269.44,0.6759,Authentication failure,customer_action,send_payment_reminder,Moderate recovery probability; assisted recovery is safer.,medium,pending,Payment recovery reminder generated.,0.0,,,,,
2026-08-30T12:03:43.975498,TXN_100288,CUST_1288,14541.1,0.8867,No specific payment failure,reminder,send_payment_reminder,Moderate recovery probability; assisted recovery is safer.,medium,pending,Payment recovery reminder generated.,0.0,,,,,
2026-08-30T12:03:43.991827,TXN_100289,CUST_1289,29664.41,0.3744,Temporary payment failure,retry,no_action,Recovery probability is below the 0.40 operating threshold.,low,stopped,Recovery stopped by decision policy.,0.0,,,,,
2026-08-30T12:03:43.995616,TXN_100290,CUST_1290,1815.86,0.6381,Temporary payment failure,retry,send_payment_reminder,Moderate recovery probability; assisted recovery is safer.,medium,pending,Payment recovery reminder generated.,0.0,,,,,
2026-08-30T12:03:43.999826,TXN_100291,CUST_1291,2156.2,0.8694,Bank declined the transaction,alternative_payment,human_review,Permanent or bank-declined failure should not be automatically retried.,high,escalated,Transaction requires human review.,0.0,,,,,
2026-08-30T12:03:43.999826,TXN_100292,CUST_1292,41183.25,0.761,No specific payment failure,reminder,send_payment_reminder,Moderate recovery probability; assisted recovery is safer.,medium,pending,Payment recovery reminder generated.,0.0,,,,,
2026-08-30T12:03:44.007844,TXN_100293,CUST_1293,18201.47,0.7889,Bank declined the transaction,alternative_payment,human_review,Permanent or bank-declined failure should not be automatically retried.,high,escalated,Transaction requires human review.,0.0,,,,,
2026-08-30T12:03:44.007844,TXN_100294,CUST_1294,6614.91,0.5612,Bank declined the transaction,alternative_payment,human_review,Permanent or bank-declined failure should not be automatically retried.,high,escalated,Transaction requires human review.,0.0,,,,,
2026-08-30T12:03:44.007844,TXN_100295,CUST_1295,26255.49,0.4614,Bank declined the transaction,alternative_payment,human_review,Permanent or bank-declined failure should not be automatically retried.,high,escalated,Transaction requires human review.,0.0,,,,,
2026-08-30T12:03:44.007844,TXN_100296,CUST_1296,38568.68,0.7826,Temporary payment failure,retry,retry_payment,High recovery probability and retryable payment failure.,low,recovered,Payment successfully recovered in simulation mode.,38568.68,,,,,
2026-08-30T12:03:44.007844,TXN_100297,CUST_1297,11026.31,0.8503,No specific payment failure,reminder,send_payment_reminder,Moderate recovery probability; assisted recovery is safer.,medium,pending,Payment recovery reminder generated.,0.0,,,,,
2026-08-30T12:03:44.023795,TXN_100298,CUST_1298,31257.66,0.6707,Network-related payment failure,retry,send_payment_reminder,Moderate recovery probability; assisted recovery is safer.,medium,pending,Payment recovery reminder generated.,0.0,,,,,
2026-08-30T12:03:44.023795,TXN_100299,CUST_1299,4541.77,0.8086,No specific payment failure,reminder,send_payment_reminder,Moderate recovery probability; assisted recovery is safer.,medium,pending,Payment recovery reminder generated.,0.0,,,,,
2026-08-30T12:03:44.031621,TXN_100300,CUST_1300,2868.58,0.2094,Expired payment method,payment_method_update,human_review,Permanent or bank-declined failure should not be automatically retried.,high,escalated,Transaction requires human review.,0.0,,,,,
2026-08-30T12:03:44.031621,TXN_100301,CUST_1301,26708.33,0.923,Authentication failure,customer_action,send_payment_reminder,Moderate recovery probability; assisted recovery is safer.,medium,pending,Payment recovery reminder generated.,0.0,,,,,
2026-08-30T12:03:44.043911,TXN_100302,CUST_1302,27169.57,0.6839,Temporary payment failure,retry,send_payment_reminder,Moderate recovery probability; assisted recovery is safer.,medium,pending,Payment recovery reminder generated.,0.0,,,,,
2026-08-30T12:03:44.048919,TXN_100303,CUST_1303,31980.27,0.3576,Network-related payment failure,retry,no_action,Recovery probability is below the 0.40 operating threshold.,low,stopped,Recovery stopped by decision policy.,0.0,,,,,
2026-08-30T12:03:44.052937,TXN_100304,CUST_1304,36386.74,0.348,Temporary payment failure,retry,no_action,Recovery probability is below the 0.40 operating threshold.,low,stopped,Recovery stopped by decision policy.,0.0,,,,,
2026-08-30T12:03:44.056148,TXN_100305,CUST_1305,48799.85,0.6618,Bank declined the transaction,alternative_payment,human_review,Permanent or bank-declined failure should not be automatically retried.,high,escalated,Transaction requires human review.,0.0,,,,,
2026-08-30T12:03:44.056148,TXN_100306,CUST_1306,25960.13,0.7343,Network-related payment failure,retry,retry_payment,High recovery probability and retryable payment failure.,low,recovered,Payment successfully recovered in simulation mode.,25960.13,,,,,
2026-08-30T12:03:44.065178,TXN_100307,CUST_1307,16350.94,0.8642,No specific payment failure,reminder,send_payment_reminder,Moderate recovery probability; assisted recovery is safer.,medium,pending,Payment recovery reminder generated.,0.0,,,,,
2026-08-30T12:03:44.065178,TXN_100308,CUST_1308,39820.75,0.6522,Expired payment method,payment_method_update,human_review,Permanent or bank-declined failure should not be automatically retried.,high,escalated,Transaction requires human review.,0.0,,,,,
2026-08-30T12:03:44.071779,TXN_100309,CUST_1309,13760.36,0.2698,Expired payment method,payment_method_update,human_review,Permanent or bank-declined failure should not be automatically retried.,high,escalated,Transaction requires human review.,0.0,,,,,
2026-08-30T12:03:44.071779,TXN_100310,CUST_1310,22116.88,0.925,Temporary payment failure,retry,retry_payment,High recovery probability and retryable payment failure.,low,recovered,Payment successfully recovered in simulation mode.,22116.88,,,,,
2026-08-30T12:03:44.080872,TXN_100311,CUST_1311,4199.28,0.4033,Bank declined the transaction,alternative_payment,human_review,Permanent or bank-declined failure should not be automatically retried.,high,escalated,Transaction requires human review.,0.0,,,,,
2026-08-30T12:03:44.080872,TXN_100312,CUST_1312,1559.93,0.3712,Temporary payment failure,retry,no_action,Recovery probability is below the 0.40 operating threshold.,low,stopped,Recovery stopped by decision policy.,0.0,,,,,
2026-08-30T12:03:44.080872,TXN_100313,CUST_1313,48143.63,0.0935,Expired payment method,payment_method_update,human_review,Permanent or bank-declined failure should not be automatically retried.,high,escalated,Transaction requires human review.,0.0,,,,,
2026-08-30T12:03:44.080872,TXN_100314,CUST_1314,41848.21,0.7273,No specific payment failure,reminder,send_payment_reminder,Moderate recovery probability; assisted recovery is safer.,medium,pending,Payment recovery reminder generated.,0.0,,,,,
2026-08-30T12:03:44.095572,TXN_100315,CUST_1315,34889.92,0.2325,Insufficient customer funds,payment_reminder,no_action,Recovery probability is below the 0.40 operating threshold.,low,stopped,Recovery stopped by decision policy.,0.0,,,,,
2026-08-30T12:03:44.097585,TXN_100316,CUST_1316,20624.96,0.549,Temporary payment failure,retry,send_payment_reminder,Moderate recovery probability; assisted recovery is safer.,medium,pending,Payment recovery reminder generated.,0.0,,,,,
2026-08-30T12:03:44.101598,TXN_100317,CUST_1317,8912.73,0.2323,Authentication failure,customer_action,no_action,Recovery probability is below the 0.40 operating threshold.,low,stopped,Recovery stopped by decision policy.,0.0,,,,,
2026-08-30T12:03:44.105610,TXN_100318,CUST_1318,8074.92,0.779,No specific payment failure,reminder,send_payment_reminder,Moderate recovery probability; assisted recovery is safer.,medium,pending,Payment recovery reminder generated.,0.0,,,,,
2026-08-30T12:03:44.109622,TXN_100319,CUST_1319,12737.07,0.9539,Network-related payment failure,retry,retry_payment,High recovery probability and retryable payment failure.,low,recovered,Payment successfully recovered in simulation mode.,12737.07,,,,,
2026-08-30T12:03:44.111370,TXN_100320,CUST_1320,27596.57,0.899,Temporary payment failure,retry,retry_payment,High recovery probability and retryable payment failure.,low,recovered,Payment successfully recovered in simulation mode.,27596.57,,,,,
2026-08-30T12:03:44.113722,TXN_100321,CUST_1321,35815.42,0.3067,No specific payment failure,reminder,no_action,Recovery probability is below the 0.40 operating threshold.,low,stopped,Recovery stopped by decision policy.,0.0,,,,,
2026-08-30T12:03:44.113722,TXN_100322,CUST_1322,33111.81,0.1898,No specific payment failure,reminder,no_action,Recovery probability is below the 0.40 operating threshold.,low,stopped,Recovery stopped by decision policy.,0.0,,,,,
2026-08-30T12:03:44.113722,TXN_100323,CUST_1323,14212.71,0.8268,Temporary payment failure,retry,retry_payment,High recovery probability and retryable payment failure.,low,recovered,Payment successfully recovered in simulation mode.,14212.71,,,,,
2026-08-30T12:03:44.127241,TXN_100324,CUST_1324,47756.8,0.702,No specific payment failure,reminder,send_payment_reminder,Moderate recovery probability; assisted recovery is safer.,medium,pending,Payment recovery reminder generated.,0.0,,,,,
2026-08-30T12:03:44.133571,TXN_100325,CUST_1325,36973.48,0.3883,Authentication failure,customer_action,no_action,Recovery probability is below the 0.40 operating threshold.,low,stopped,Recovery stopped by decision policy.,0.0,,,,,
2026-08-30T12:03:44.136685,TXN_100326,CUST_1326,27851.4,0.6441,Bank declined the transaction,alternative_payment,human_review,Permanent or bank-declined failure should not be automatically retried.,high,escalated,Transaction requires human review.,0.0,,,,,
2026-08-30T12:03:44.139794,TXN_100327,CUST_1327,30702.52,0.5566,Authentication failure,customer_action,send_payment_reminder,Moderate recovery probability; assisted recovery is safer.,medium,pending,Payment recovery reminder generated.,0.0,,,,,
2026-08-30T12:03:44.144497,TXN_100328,CUST_1328,21154.12,0.1685,No specific payment failure,reminder,no_action,Recovery probability is below the 0.40 operating threshold.,low,stopped,Recovery stopped by decision policy.,0.0,,,,,
2026-08-30T12:03:44.147626,TXN_100329,CUST_1329,12612.23,0.4704,Expired payment method,payment_method_update,human_review,Permanent or bank-declined failure should not be automatically retried.,high,escalated,Transaction requires human review.,0.0,,,,,
2026-08-30T12:03:44.152330,TXN_100330,CUST_1330,17991.84,0.6575,Temporary payment failure,retry,send_payment_reminder,Moderate recovery probability; assisted recovery is safer.,medium,pending,Payment recovery reminder generated.,0.0,,,,,
2026-08-30T12:03:44.155466,TXN_100331,CUST_1331,37964.95,0.3601,No specific payment failure,reminder,no_action,Recovery probability is below the 0.40 operating threshold.,low,stopped,Recovery stopped by decision policy.,0.0,,,,,
2026-08-30T12:03:44.158602,TXN_100332,CUST_1332,1015.36,0.687,Temporary payment failure,retry,send_payment_reminder,Moderate recovery probability; assisted recovery is safer.,medium,pending,Payment recovery reminder generated.,0.0,,,,,
2026-08-30T12:03:44.163302,TXN_100333,CUST_1333,6068.81,0.199,No specific payment failure,reminder,no_action,Recovery probability is below the 0.40 operating threshold.,low,stopped,Recovery stopped by decision policy.,0.0,,,,,
2026-08-30T12:03:44.166441,TXN_100334,CUST_1334,2586.33,0.4975,Network-related payment failure,retry,send_payment_reminder,Moderate recovery probability; assisted recovery is safer.,medium,pending,Payment recovery reminder generated.,0.0,,,,,
2026-08-30T12:03:44.168008,TXN_100335,CUST_1335,2324.22,0.4566,Insufficient customer funds,payment_reminder,send_payment_reminder,Moderate recovery probability; assisted recovery is safer.,medium,pending,Payment recovery reminder generated.,0.0,,,,,
2026-08-30T12:03:44.174271,TXN_100336,CUST_1336,42816.39,0.7567,Temporary payment failure,retry,retry_payment,High recovery probability and retryable payment failure.,low,recovered,Payment successfully recovered in simulation mode.,42816.39,,,,,
2026-08-30T12:03:44.175449,TXN_100337,CUST_1337,35271.8,0.1554,No specific payment failure,reminder,no_action,Recovery probability is below the 0.40 operating threshold.,low,stopped,Recovery stopped by decision policy.,0.0,,,,,
2026-08-30T12:03:44.183967,TXN_100338,CUST_1338,23866.44,0.4825,Bank declined the transaction,alternative_payment,human_review,Permanent or bank-declined failure should not be automatically retried.,high,escalated,Transaction requires human review.,0.0,,,,,
2026-08-30T12:03:44.189969,TXN_100339,CUST_1339,5162.36,0.1897,Expired payment method,payment_method_update,human_review,Permanent or bank-declined failure should not be automatically retried.,high,escalated,Transaction requires human review.,0.0,,,,,
2026-08-30T12:03:44.189969,TXN_100340,CUST_1340,24733.31,0.2621,Authentication failure,customer_action,no_action,Recovery probability is below the 0.40 operating threshold.,low,stopped,Recovery stopped by decision policy.,0.0,,,,,
2026-08-30T12:03:44.196668,TXN_100341,CUST_1341,23831.55,0.1044,Expired payment method,payment_method_update,human_review,Permanent or bank-declined failure should not be automatically retried.,high,escalated,Transaction requires human review.,0.0,,,,,
2026-08-30T12:03:44.196668,TXN_100342,CUST_1342,8908.13,0.8722,Authentication failure,customer_action,send_payment_reminder,Moderate recovery probability; assisted recovery is safer.,medium,pending,Payment recovery reminder generated.,0.0,,,,,
2026-08-30T12:03:44.196668,TXN_100343,CUST_1343,21862.43,0.0906,Insufficient customer funds,payment_reminder,no_action,Recovery probability is below the 0.40 operating threshold.,low,stopped,Recovery stopped by decision policy.,0.0,,,,,
2026-08-30T12:03:44.205689,TXN_100344,CUST_1344,20105.69,0.7142,Bank declined the transaction,alternative_payment,human_review,Permanent or bank-declined failure should not be automatically retried.,high,escalated,Transaction requires human review.,0.0,,,,,
2026-08-30T12:03:44.205689,TXN_100345,CUST_1345,30907.75,0.6772,No specific payment failure,reminder,send_payment_reminder,Moderate recovery probability; assisted recovery is safer.,medium,pending,Payment recovery reminder generated.,0.0,,,,,
2026-08-30T12:03:44.205689,TXN_100346,CUST_1346,31864.15,0.7771,Authentication failure,customer_action,send_payment_reminder,Moderate recovery probability; assisted recovery is safer.,medium,pending,Payment recovery reminder generated.,0.0,,,,,
2026-08-30T12:03:44.205689,TXN_100347,CUST_1347,2551.61,0.7049,Insufficient customer funds,payment_reminder,send_payment_reminder,Moderate recovery probability; assisted recovery is safer.,medium,pending,Payment recovery reminder generated.,0.0,,,,,
2026-08-30T12:03:44.222915,TXN_100348,CUST_1348,18918.25,0.2003,No specific payment failure,reminder,no_action,Recovery probability is below the 0.40 operating threshold.,low,stopped,Recovery stopped by decision policy.,0.0,,,,,
2026-08-30T12:03:44.226057,TXN_100349,CUST_1349,31405.24,0.7265,No specific payment failure,reminder,send_payment_reminder,Moderate recovery probability; assisted recovery is safer.,medium,pending,Payment recovery reminder generated.,0.0,,,,,
2026-08-30T12:03:44.231283,TXN_100350,CUST_1350,25305.87,0.7233,Temporary payment failure,retry,retry_payment,High recovery probability and retryable payment failure.,low,recovered,Payment successfully recovered in simulation mode.,25305.87,,,,,
2026-08-30T12:03:44.233383,TXN_100351,CUST_1351,42867.55,0.4492,No specific payment failure,reminder,send_payment_reminder,Moderate recovery probability; assisted recovery is safer.,medium,pending,Payment recovery reminder generated.,0.0,,,,,
2026-08-30T12:03:44.240711,TXN_100352,CUST_1352,33037.07,0.4453,Expired payment method,payment_method_update,human_review,Permanent or bank-declined failure should not be automatically retried.,high,escalated,Transaction requires human review.,0.0,,,,,
2026-08-30T12:03:44.245021,TXN_100353,CUST_1353,8397.84,0.7684,Temporary payment failure,retry,retry_payment,High recovery probability and retryable payment failure.,low,recovered,Payment successfully recovered in simulation mode.,8397.84,,,,,
2026-08-30T12:03:44.247820,TXN_100354,CUST_1354,3807.27,0.7715,Insufficient customer funds,payment_reminder,send_payment_reminder,Moderate recovery probability; assisted recovery is safer.,medium,pending,Payment recovery reminder generated.,0.0,,,,,
2026-08-30T12:03:44.254710,TXN_100355,CUST_1355,32228.24,0.3611,Expired payment method,payment_method_update,human_review,Permanent or bank-declined failure should not be automatically retried.,high,escalated,Transaction requires human review.,0.0,,,,,
2026-08-30T12:03:44.254710,TXN_100356,CUST_1356,1617.61,0.5481,No specific payment failure,reminder,send_payment_reminder,Moderate recovery probability; assisted recovery is safer.,medium,pending,Payment recovery reminder generated.,0.0,,,,,
2026-08-30T12:03:44.262059,TXN_100357,CUST_1357,29413.05,0.4968,Insufficient customer funds,payment_reminder,send_payment_reminder,Moderate recovery probability; assisted recovery is safer.,medium,pending,Payment recovery reminder generated.,0.0,,,,,
2026-08-30T12:03:44.266107,TXN_100358,CUST_1358,47029.44,0.4323,Insufficient customer funds,payment_reminder,send_payment_reminder,Moderate recovery probability; assisted recovery is safer.,medium,pending,Payment recovery reminder generated.,0.0,,,,,
2026-08-30T12:03:44.270121,TXN_100359,CUST_1359,28901.07,0.7667,Bank declined the transaction,alternative_payment,human_review,Permanent or bank-declined failure should not be automatically retried.,high,escalated,Transaction requires human review.,0.0,,,,,
2026-08-30T12:03:44.274133,TXN_100360,CUST_1360,19592.05,0.829,Network-related payment failure,retry,retry_payment,High recovery probability and retryable payment failure.,low,recovered,Payment successfully recovered in simulation mode.,19592.05,,,,,
2026-08-30T12:03:44.278304,TXN_100361,CUST_1361,32271.42,0.5206,Temporary payment failure,retry,send_payment_reminder,Moderate recovery probability; assisted recovery is safer.,medium,pending,Payment recovery reminder generated.,0.0,,,,,
2026-08-30T12:03:44.278304,TXN_100362,CUST_1362,23075.17,0.7784,Temporary payment failure,retry,retry_payment,High recovery probability and retryable payment failure.,low,recovered,Payment successfully recovered in simulation mode.,23075.17,,,,,
2026-08-30T12:03:44.286600,TXN_100363,CUST_1363,27417.15,0.5575,Expired payment method,payment_method_update,human_review,Permanent or bank-declined failure should not be automatically retried.,high,escalated,Transaction requires human review.,0.0,,,,,
2026-08-30T12:03:44.290843,TXN_100364,CUST_1364,47090.8,0.504,No specific payment failure,reminder,send_payment_reminder,Moderate recovery probability; assisted recovery is safer.,medium,pending,Payment recovery reminder generated.,0.0,,,,,
2026-08-30T12:03:44.295065,TXN_100365,CUST_1365,19489.3,0.7327,Authentication failure,customer_action,send_payment_reminder,Moderate recovery probability; assisted recovery is safer.,medium,pending,Payment recovery reminder generated.,0.0,,,,,
2026-08-30T12:03:44.296641,TXN_100366,CUST_1366,48071.17,0.197,Bank declined the transaction,alternative_payment,human_review,Permanent or bank-declined failure should not be automatically retried.,high,escalated,Transaction requires human review.,0.0,,,,,
2026-08-30T12:03:44.301211,TXN_100367,CUST_1367,45295.93,0.9232,Bank declined the transaction,alternative_payment,human_review,Permanent or bank-declined failure should not be automatically retried.,high,escalated,Transaction requires human review.,0.0,,,,,
2026-08-30T12:03:44.301211,TXN_100368,CUST_1368,10030.82,0.5655,Bank declined the transaction,alternative_payment,human_review,Permanent or bank-declined failure should not be automatically retried.,high,escalated,Transaction requires human review.,0.0,,,,,
2026-08-30T12:03:44.301211,TXN_100369,CUST_1369,3747.26,0.3428,No specific payment failure,reminder,no_action,Recovery probability is below the 0.40 operating threshold.,low,stopped,Recovery stopped by decision policy.,0.0,,,,,
2026-08-30T12:03:44.301211,TXN_100370,CUST_1370,5308.67,0.503,No specific payment failure,reminder,send_payment_reminder,Moderate recovery probability; assisted recovery is safer.,medium,pending,Payment recovery reminder generated.,0.0,,,,,
2026-08-30T12:03:44.301211,TXN_100371,CUST_1371,1205.62,0.4096,Insufficient customer funds,payment_reminder,send_payment_reminder,Moderate recovery probability; assisted recovery is safer.,medium,pending,Payment recovery reminder generated.,0.0,,,,,
2026-08-30T12:03:44.321103,TXN_100372,CUST_1372,4993.82,0.7711,Bank declined the transaction,alternative_payment,human_review,Permanent or bank-declined failure should not be automatically retried.,high,escalated,Transaction requires human review.,0.0,,,,,
2026-08-30T12:03:44.323109,TXN_100373,CUST_1373,34245.44,0.9513,Network-related payment failure,retry,retry_payment,High recovery probability and retryable payment failure.,low,recovered,Payment successfully recovered in simulation mode.,34245.44,,,,,
2026-08-30T12:03:44.327132,TXN_100374,CUST_1374,3838.08,0.5607,Network-related payment failure,retry,send_payment_reminder,Moderate recovery probability; assisted recovery is safer.,medium,pending,Payment recovery reminder generated.,0.0,,,,,
2026-08-30T12:03:44.331148,TXN_100375,CUST_1375,16153.09,0.6677,Authentication failure,customer_action,send_payment_reminder,Moderate recovery probability; assisted recovery is safer.,medium,pending,Payment recovery reminder generated.,0.0,,,,,
2026-08-30T12:03:44.332896,TXN_100376,CUST_1376,42290.3,0.4733,No specific payment failure,reminder,send_payment_reminder,Moderate recovery probability; assisted recovery is safer.,medium,pending,Payment recovery reminder generated.,0.0,,,,,
2026-08-30T12:03:44.332896,TXN_100377,CUST_1377,1456.62,0.6221,No specific payment failure,reminder,send_payment_reminder,Moderate recovery probability; assisted recovery is safer.,medium,pending,Payment recovery reminder generated.,0.0,,,,,
2026-08-30T12:03:44.332896,TXN_100378,CUST_1378,40779.08,0.7743,Authentication failure,customer_action,send_payment_reminder,Moderate recovery probability; assisted recovery is safer.,medium,pending,Payment recovery reminder generated.,0.0,,,,,
2026-08-30T12:03:44.332896,TXN_100379,CUST_1379,14308.18,0.7231,No specific payment failure,reminder,send_payment_reminder,Moderate recovery probability; assisted recovery is safer.,medium,pending,Payment recovery reminder generated.,0.0,,,,,
2026-08-30T12:03:44.350556,TXN_100380,CUST_1380,6172.79,0.4692,No specific payment failure,reminder,send_payment_reminder,Moderate recovery probability; assisted recovery is safer.,medium,pending,Payment recovery reminder generated.,0.0,,,,,
2026-08-30T12:03:44.352562,TXN_100381,CUST_1381,34927.84,0.6664,No specific payment failure,reminder,send_payment_reminder,Moderate recovery probability; assisted recovery is safer.,medium,pending,Payment recovery reminder generated.,0.0,,,,,
2026-08-30T12:03:44.356574,TXN_100382,CUST_1382,31558.46,0.2366,No specific payment failure,reminder,no_action,Recovery probability is below the 0.40 operating threshold.,low,stopped,Recovery stopped by decision policy.,0.0,,,,,
2026-08-30T12:03:44.360591,TXN_100383,CUST_1383,43910.36,0.4648,Insufficient customer funds,payment_reminder,send_payment_reminder,Moderate recovery probability; assisted recovery is safer.,medium,pending,Payment recovery reminder generated.,0.0,,,,,
2026-08-30T12:03:44.364346,TXN_100384,CUST_1384,36833.03,0.6253,Insufficient customer funds,payment_reminder,send_payment_reminder,Moderate recovery probability; assisted recovery is safer.,medium,pending,Payment recovery reminder generated.,0.0,,,,,
2026-08-30T12:03:44.368418,TXN_100385,CUST_1385,40233.0,0.4121,No specific payment failure,reminder,send_payment_reminder,Moderate recovery probability; assisted recovery is safer.,medium,pending,Payment recovery reminder generated.,0.0,,,,,
2026-08-30T12:03:44.371530,TXN_100386,CUST_1386,14317.12,0.6448,No specific payment failure,reminder,send_payment_reminder,Moderate recovery probability; assisted recovery is safer.,medium,pending,Payment recovery reminder generated.,0.0,,,,,
2026-08-30T12:03:44.374641,TXN_100387,CUST_1387,9118.75,0.3598,No specific payment failure,reminder,no_action,Recovery probability is below the 0.40 operating threshold.,low,stopped,Recovery stopped by decision policy.,0.0,,,,,
2026-08-30T12:03:44.379296,TXN_100388,CUST_1388,37605.55,0.475,Temporary payment failure,retry,send_payment_reminder,Moderate recovery probability; assisted recovery is safer.,medium,pending,Payment recovery reminder generated.,0.0,,,,,
2026-08-30T12:03:44.382444,TXN_100389,CUST_1389,40399.69,0.6069,Network-related payment failure,retry,send_payment_reminder,Moderate recovery probability; assisted recovery is safer.,medium,pending,Payment recovery reminder generated.,0.0,,,,,
2026-08-30T12:03:44.387124,TXN_100390,CUST_1390,49528.11,0.8612,Temporary payment failure,retry,retry_payment,High recovery probability and retryable payment failure.,low,recovered,Payment successfully recovered in simulation mode.,49528.11,,,,,
2026-08-30T12:03:44.390269,TXN_100391,CUST_1391,20807.1,0.4606,Authentication failure,customer_action,send_payment_reminder,Moderate recovery probability; assisted recovery is safer.,medium,pending,Payment recovery reminder generated.,0.0,,,,,
2026-08-30T12:03:44.394913,TXN_100392,CUST_1392,18789.3,0.6536,Temporary payment failure,retry,send_payment_reminder,Moderate recovery probability; assisted recovery is safer.,medium,pending,Payment recovery reminder generated.,0.0,,,,,
2026-08-30T12:03:44.398050,TXN_100393,CUST_1393,38887.72,0.9042,Temporary payment failure,retry,retry_payment,High recovery probability and retryable payment failure.,low,recovered,Payment successfully recovered in simulation mode.,38887.72,,,,,
2026-08-30T12:03:44.401174,TXN_100394,CUST_1394,17237.94,0.8928,Temporary payment failure,retry,retry_payment,High recovery probability and retryable payment failure.,low,failed,Payment retry failed in simulation mode.,0.0,,,,,
2026-08-30T12:03:44.402741,TXN_100395,CUST_1395,46558.64,0.8238,Network-related payment failure,retry,retry_payment,High recovery probability and retryable payment failure.,low,failed,Payment retry failed in simulation mode.,0.0,,,,,
2026-08-30T12:03:44.402741,TXN_100396,CUST_1396,42963.11,0.7078,Bank declined the transaction,alternative_payment,human_review,Permanent or bank-declined failure should not be automatically retried.,high,escalated,Transaction requires human review.,0.0,,,,,
2026-08-30T12:03:44.413484,TXN_100397,CUST_1397,21621.0,0.7717,Temporary payment failure,retry,retry_payment,High recovery probability and retryable payment failure.,low,recovered,Payment successfully recovered in simulation mode.,21621.0,,,,,
2026-08-30T12:03:44.413484,TXN_100398,CUST_1398,37618.29,0.7907,Bank declined the transaction,alternative_payment,human_review,Permanent or bank-declined failure should not be automatically retried.,high,escalated,Transaction requires human review.,0.0,,,,,
2026-08-30T12:03:44.413484,TXN_100399,CUST_1399,37800.78,0.7712,Temporary payment failure,retry,retry_payment,High recovery probability and retryable payment failure.,low,failed,Payment retry failed in simulation mode.,0.0,,,,,
2026-08-30T12:03:44.413484,TXN_100400,CUST_1400,5425.26,0.4774,No specific payment failure,reminder,send_payment_reminder,Moderate recovery probability; assisted recovery is safer.,medium,pending,Payment recovery reminder generated.,0.0,,,,,
2026-08-30T12:03:44.430388,TXN_100401,CUST_1401,45156.88,0.8021,Bank declined the transaction,alternative_payment,human_review,Permanent or bank-declined failure should not be automatically retried.,high,escalated,Transaction requires human review.,0.0,,,,,
2026-08-30T12:03:44.434502,TXN_100402,CUST_1402,25411.04,0.135,Bank declined the transaction,alternative_payment,human_review,Permanent or bank-declined failure should not be automatically retried.,high,escalated,Transaction requires human review.,0.0,,,,,
2026-08-30T12:03:44.438416,TXN_100403,CUST_1403,41374.94,0.7554,No specific payment failure,reminder,send_payment_reminder,Moderate recovery probability; assisted recovery is safer.,medium,pending,Payment recovery reminder generated.,0.0,,,,,
2026-08-30T12:03:44.444492,TXN_100404,CUST_1404,16206.47,0.2998,Network-related payment failure,retry,no_action,Recovery probability is below the 0.40 operating threshold.,low,stopped,Recovery stopped by decision policy.,0.0,,,,,
2026-08-30T12:03:44.448507,TXN_100405,CUST_1405,44807.5,0.0823,Expired payment method,payment_method_update,human_review,Permanent or bank-declined failure should not be automatically retried.,high,escalated,Transaction requires human review.,0.0,,,,,
2026-08-30T12:03:44.453479,TXN_100406,CUST_1406,19643.32,0.6944,Network-related payment failure,retry,send_payment_reminder,Moderate recovery probability; assisted recovery is safer.,medium,pending,Payment recovery reminder generated.,0.0,,,,,
2026-08-30T12:03:44.456626,TXN_100407,CUST_1407,838.63,0.5765,No specific payment failure,reminder,send_payment_reminder,Moderate recovery probability; assisted recovery is safer.,medium,pending,Payment recovery reminder generated.,0.0,,,,,
2026-08-30T12:03:44.461938,TXN_100408,CUST_1408,45297.48,0.3248,Insufficient customer funds,payment_reminder,no_action,Recovery probability is below the 0.40 operating threshold.,low,stopped,Recovery stopped by decision policy.,0.0,,,,,
2026-08-30T12:03:44.465095,TXN_100409,CUST_1409,4836.95,0.9401,No specific payment failure,reminder,send_payment_reminder,Moderate recovery probability; assisted recovery is safer.,medium,pending,Payment recovery reminder generated.,0.0,,,,,
2026-08-30T12:03:44.468133,TXN_100410,CUST_1410,16169.89,0.2093,No specific payment failure,reminder,no_action,Recovery probability is below the 0.40 operating threshold.,low,stopped,Recovery stopped by decision policy.,0.0,,,,,
2026-08-30T12:03:44.471251,TXN_100411,CUST_1411,47518.08,0.74,Network-related payment failure,retry,retry_payment,High recovery probability and retryable payment failure.,low,recovered,Payment successfully recovered in simulation mode.,47518.08,,,,,
2026-08-30T12:03:44.471251,TXN_100412,CUST_1412,47545.18,0.6087,Expired payment method,payment_method_update,human_review,Permanent or bank-declined failure should not be automatically retried.,high,escalated,Transaction requires human review.,0.0,,,,,
2026-08-30T12:03:44.471251,TXN_100413,CUST_1413,28799.86,0.8411,Network-related payment failure,retry,retry_payment,High recovery probability and retryable payment failure.,low,recovered,Payment successfully recovered in simulation mode.,28799.86,,,,,
2026-08-30T12:03:44.484287,TXN_100414,CUST_1414,31702.31,0.8678,Temporary payment failure,retry,retry_payment,High recovery probability and retryable payment failure.,low,recovered,Payment successfully recovered in simulation mode.,31702.31,,,,,
2026-08-30T12:03:44.484287,TXN_100415,CUST_1415,22587.74,0.3416,Insufficient customer funds,payment_reminder,no_action,Recovery probability is below the 0.40 operating threshold.,low,stopped,Recovery stopped by decision policy.,0.0,,,,,
2026-08-30T12:03:44.484287,TXN_100416,CUST_1416,14872.58,0.1592,No specific payment failure,reminder,no_action,Recovery probability is below the 0.40 operating threshold.,low,stopped,Recovery stopped by decision policy.,0.0,,,,,
2026-08-30T12:03:44.484287,TXN_100417,CUST_1417,16634.63,0.5447,Network-related payment failure,retry,send_payment_reminder,Moderate recovery probability; assisted recovery is safer.,medium,pending,Payment recovery reminder generated.,0.0,,,,,
2026-08-30T12:03:44.496133,TXN_100418,CUST_1418,33724.17,0.4141,Bank declined the transaction,alternative_payment,human_review,Permanent or bank-declined failure should not be automatically retried.,high,escalated,Transaction requires human review.,0.0,,,,,
2026-08-30T12:03:44.500181,TXN_100419,CUST_1419,37693.01,0.5659,No specific payment failure,reminder,send_payment_reminder,Moderate recovery probability; assisted recovery is safer.,medium,pending,Payment recovery reminder generated.,0.0,,,,,
2026-08-30T12:03:44.500181,TXN_100420,CUST_1420,39641.48,0.5551,Authentication failure,customer_action,send_payment_reminder,Moderate recovery probability; assisted recovery is safer.,medium,pending,Payment recovery reminder generated.,0.0,,,,,
2026-08-30T12:03:44.500181,TXN_100421,CUST_1421,39544.02,0.8555,Temporary payment failure,retry,retry_payment,High recovery probability and retryable payment failure.,low,recovered,Payment successfully recovered in simulation mode.,39544.02,,,,,
2026-08-30T12:03:44.500181,TXN_100422,CUST_1422,4832.94,0.4755,No specific payment failure,reminder,send_payment_reminder,Moderate recovery probability; assisted recovery is safer.,medium,pending,Payment recovery reminder generated.,0.0,,,,,
2026-08-30T12:03:44.518736,TXN_100423,CUST_1423,24872.69,0.7833,No specific payment failure,reminder,send_payment_reminder,Moderate recovery probability; assisted recovery is safer.,medium,pending,Payment recovery reminder generated.,0.0,,,,,
2026-08-30T12:03:44.520739,TXN_100424,CUST_1424,3160.67,0.738,Temporary payment failure,retry,retry_payment,High recovery probability and retryable payment failure.,low,failed,Payment retry failed in simulation mode.,0.0,,,,,
2026-08-30T12:03:44.525274,TXN_100425,CUST_1425,27611.59,0.5867,No specific payment failure,reminder,send_payment_reminder,Moderate recovery probability; assisted recovery is safer.,medium,pending,Payment recovery reminder generated.,0.0,,,,,
2026-08-30T12:03:44.525274,TXN_100426,CUST_1426,22244.07,0.7915,Insufficient customer funds,payment_reminder,send_payment_reminder,Moderate recovery probability; assisted recovery is safer.,medium,pending,Payment recovery reminder generated.,0.0,,,,,
2026-08-30T12:03:44.532283,TXN_100427,CUST_1427,44418.9,0.1911,Authentication failure,customer_action,no_action,Recovery probability is below the 0.40 operating threshold.,low,stopped,Recovery stopped by decision policy.,0.0,,,,,
2026-08-30T12:03:44.536367,TXN_100428,CUST_1428,17740.48,0.7428,Temporary payment failure,retry,retry_payment,High recovery probability and retryable payment failure.,low,recovered,Payment successfully recovered in simulation mode.,17740.48,,,,,
2026-08-30T12:03:44.540378,TXN_100429,CUST_1429,6118.23,0.6937,Network-related payment failure,retry,send_payment_reminder,Moderate recovery probability; assisted recovery is safer.,medium,pending,Payment recovery reminder generated.,0.0,,,,,
2026-08-30T12:03:44.544393,TXN_100430,CUST_1430,7406.69,0.8657,Bank declined the transaction,alternative_payment,human_review,Permanent or bank-declined failure should not be automatically retried.,high,escalated,Transaction requires human review.,0.0,,,,,
2026-08-30T12:03:44.550158,TXN_100431,CUST_1431,38147.08,0.708,Bank declined the transaction,alternative_payment,human_review,Permanent or bank-declined failure should not be automatically retried.,high,escalated,Transaction requires human review.,0.0,,,,,
2026-08-30T12:03:44.554164,TXN_100432,CUST_1432,31025.44,0.8184,No specific payment failure,reminder,send_payment_reminder,Moderate recovery probability; assisted recovery is safer.,medium,pending,Payment recovery reminder generated.,0.0,,,,,
2026-08-30T12:03:44.558175,TXN_100433,CUST_1433,5325.8,0.9437,Temporary payment failure,retry,retry_payment,High recovery probability and retryable payment failure.,low,recovered,Payment successfully recovered in simulation mode.,5325.8,,,,,
2026-08-30T12:03:44.562180,TXN_100434,CUST_1434,4480.11,0.7841,No specific payment failure,reminder,send_payment_reminder,Moderate recovery probability; assisted recovery is safer.,medium,pending,Payment recovery reminder generated.,0.0,,,,,
2026-08-30T12:03:44.565930,TXN_100435,CUST_1435,35138.17,0.4553,Network-related payment failure,retry,send_payment_reminder,Moderate recovery probability; assisted recovery is safer.,medium,pending,Payment recovery reminder generated.,0.0,,,,,
2026-08-30T12:03:44.567933,TXN_100436,CUST_1436,3916.32,0.7086,No specific payment failure,reminder,send_payment_reminder,Moderate recovery probability; assisted recovery is safer.,medium,pending,Payment recovery reminder generated.,0.0,,,,,
2026-08-30T12:03:44.571939,TXN_100437,CUST_1437,41146.44,0.3973,Network-related payment failure,retry,no_action,Recovery probability is below the 0.40 operating threshold.,low,stopped,Recovery stopped by decision policy.,0.0,,,,,
2026-08-30T12:03:44.575948,TXN_100438,CUST_1438,35400.24,0.6614,Temporary payment failure,retry,send_payment_reminder,Moderate recovery probability; assisted recovery is safer.,medium,pending,Payment recovery reminder generated.,0.0,,,,,
2026-08-30T12:03:44.579694,TXN_100439,CUST_1439,4343.03,0.9108,Temporary payment failure,retry,retry_payment,High recovery probability and retryable payment failure.,low,recovered,Payment successfully recovered in simulation mode.,4343.03,,,,,
2026-08-30T12:03:44.579694,TXN_100440,CUST_1440,4516.43,0.841,No specific payment failure,reminder,send_payment_reminder,Moderate recovery probability; assisted recovery is safer.,medium,pending,Payment recovery reminder generated.,0.0,,,,,
2026-08-30T12:03:44.579694,TXN_100441,CUST_1441,49335.99,0.7497,No specific payment failure,reminder,send_payment_reminder,Moderate recovery probability; assisted recovery is safer.,medium,pending,Payment recovery reminder generated.,0.0,,,,,
2026-08-30T12:03:44.579694,TXN_100442,CUST_1442,18901.26,0.315,Bank declined the transaction,alternative_payment,human_review,Permanent or bank-declined failure should not be automatically retried.,high,escalated,Transaction requires human review.,0.0,,,,,
2026-08-30T12:03:44.579694,TXN_100443,CUST_1443,18720.91,0.9448,Network-related payment failure,retry,retry_payment,High recovery probability and retryable payment failure.,low,recovered,Payment successfully recovered in simulation mode.,18720.91,,,,,
2026-08-30T12:03:44.597153,TXN_100444,CUST_1444,40696.14,0.4761,Authentication failure,customer_action,send_payment_reminder,Moderate recovery probability; assisted recovery is safer.,medium,pending,Payment recovery reminder generated.,0.0,,,,,
2026-08-30T12:03:44.597153,TXN_100445,CUST_1445,47378.25,0.9513,No specific payment failure,reminder,send_payment_reminder,Moderate recovery probability; assisted recovery is safer.,medium,pending,Payment recovery reminder generated.,0.0,,,,,
2026-08-30T12:03:44.597153,TXN_100446,CUST_1446,49304.25,0.6797,No specific payment failure,reminder,send_payment_reminder,Moderate recovery probability; assisted recovery is safer.,medium,pending,Payment recovery reminder generated.,0.0,,,,,
2026-08-30T12:03:44.611589,TXN_100447,CUST_1447,37742.9,0.2546,No specific payment failure,reminder,no_action,Recovery probability is below the 0.40 operating threshold.,low,stopped,Recovery stopped by decision policy.,0.0,,,,,
2026-08-30T12:03:44.616666,TXN_100448,CUST_1448,19000.1,0.5872,No specific payment failure,reminder,send_payment_reminder,Moderate recovery probability; assisted recovery is safer.,medium,pending,Payment recovery reminder generated.,0.0,,,,,
2026-08-30T12:03:44.618672,TXN_100449,CUST_1449,4449.99,0.544,No specific payment failure,reminder,send_payment_reminder,Moderate recovery probability; assisted recovery is safer.,medium,pending,Payment recovery reminder generated.,0.0,,,,,
2026-08-30T12:03:44.624508,TXN_100450,CUST_1450,38924.2,0.6146,Insufficient customer funds,payment_reminder,send_payment_reminder,Moderate recovery probability; assisted recovery is safer.,medium,pending,Payment recovery reminder generated.,0.0,,,,,
2026-08-30T12:03:44.628826,TXN_100451,CUST_1451,28052.69,0.4949,No specific payment failure,reminder,send_payment_reminder,Moderate recovery probability; assisted recovery is safer.,medium,pending,Payment recovery reminder generated.,0.0,,,,,
2026-08-30T12:03:44.633534,TXN_100452,CUST_1452,21383.83,0.43,Expired payment method,payment_method_update,human_review,Permanent or bank-declined failure should not be automatically retried.,high,escalated,Transaction requires human review.,0.0,,,,,
2026-08-30T12:03:44.639623,TXN_100453,CUST_1453,45345.81,0.6492,No specific payment failure,reminder,send_payment_reminder,Moderate recovery probability; assisted recovery is safer.,medium,pending,Payment recovery reminder generated.,0.0,,,,,
2026-08-30T12:03:44.643635,TXN_100454,CUST_1454,5826.51,0.8921,Network-related payment failure,retry,retry_payment,High recovery probability and retryable payment failure.,low,recovered,Payment successfully recovered in simulation mode.,5826.51,,,,,
2026-08-30T12:03:44.643635,TXN_100455,CUST_1455,24783.47,0.7876,Temporary payment failure,retry,retry_payment,High recovery probability and retryable payment failure.,low,recovered,Payment successfully recovered in simulation mode.,24783.47,,,,,
2026-08-30T12:03:44.653345,TXN_100456,CUST_1456,864.28,0.9338,Network-related payment failure,retry,retry_payment,High recovery probability and retryable payment failure.,low,failed,Payment retry failed in simulation mode.,0.0,,,,,
2026-08-30T12:03:44.657022,TXN_100457,CUST_1457,23592.43,0.2654,Expired payment method,payment_method_update,human_review,Permanent or bank-declined failure should not be automatically retried.,high,escalated,Transaction requires human review.,0.0,,,,,
2026-08-30T12:03:44.659589,TXN_100458,CUST_1458,3098.27,0.0888,Insufficient customer funds,payment_reminder,no_action,Recovery probability is below the 0.40 operating threshold.,low,stopped,Recovery stopped by decision policy.,0.0,,,,,
2026-08-30T12:03:44.659589,TXN_100459,CUST_1459,6205.25,0.2884,Bank declined the transaction,alternative_payment,human_review,Permanent or bank-declined failure should not be automatically retried.,high,escalated,Transaction requires human review.,0.0,,,,,
2026-08-30T12:03:44.667601,TXN_100460,CUST_1460,6141.05,0.3998,Network-related payment failure,retry,no_action,Recovery probability is below the 0.40 operating threshold.,low,stopped,Recovery stopped by decision policy.,0.0,,,,,
2026-08-30T12:03:44.673938,TXN_100461,CUST_1461,32565.75,0.2651,Bank declined the transaction,alternative_payment,human_review,Permanent or bank-declined failure should not be automatically retried.,high,escalated,Transaction requires human review.,0.0,,,,,
2026-08-30T12:03:44.677953,TXN_100462,CUST_1462,37378.43,0.4982,Bank declined the transaction,alternative_payment,human_review,Permanent or bank-declined failure should not be automatically retried.,high,escalated,Transaction requires human review.,0.0,,,,,
2026-08-30T12:03:44.681966,TXN_100463,CUST_1463,29293.43,0.8823,Temporary payment failure,retry,retry_payment,High recovery probability and retryable payment failure.,low,recovered,Payment successfully recovered in simulation mode.,29293.43,,,,,
2026-08-30T12:03:44.684805,TXN_100464,CUST_1464,48119.98,0.4765,No specific payment failure,reminder,send_payment_reminder,Moderate recovery probability; assisted recovery is safer.,medium,pending,Payment recovery reminder generated.,0.0,,,,,
2026-08-30T12:03:44.684805,TXN_100465,CUST_1465,18931.07,0.5195,No specific payment failure,reminder,send_payment_reminder,Moderate recovery probability; assisted recovery is safer.,medium,pending,Payment recovery reminder generated.,0.0,,,,,
2026-08-30T12:03:44.684805,TXN_100466,CUST_1466,14499.89,0.7884,Temporary payment failure,retry,retry_payment,High recovery probability and retryable payment failure.,low,recovered,Payment successfully recovered in simulation mode.,14499.89,,,,,
2026-08-30T12:03:44.696374,TXN_100467,CUST_1467,43469.38,0.3255,No specific payment failure,reminder,no_action,Recovery probability is below the 0.40 operating threshold.,low,stopped,Recovery stopped by decision policy.,0.0,,,,,
2026-08-30T12:03:44.702535,TXN_100468,CUST_1468,11412.71,0.6698,No specific payment failure,reminder,send_payment_reminder,Moderate recovery probability; assisted recovery is safer.,medium,pending,Payment recovery reminder generated.,0.0,,,,,
2026-08-30T12:03:44.706544,TXN_100469,CUST_1469,48172.16,0.7583,Temporary payment failure,retry,retry_payment,High recovery probability and retryable payment failure.,low,recovered,Payment successfully recovered in simulation mode.,48172.16,,,,,
2026-08-30T12:03:44.710548,TXN_100470,CUST_1470,904.08,0.308,Bank declined the transaction,alternative_payment,human_review,Permanent or bank-declined failure should not be automatically retried.,high,escalated,Transaction requires human review.,0.0,,,,,
2026-08-30T12:03:44.712551,TXN_100471,CUST_1471,48502.98,0.8829,Network-related payment failure,retry,retry_payment,High recovery probability and retryable payment failure.,low,recovered,Payment successfully recovered in simulation mode.,48502.98,,,,,
2026-08-30T12:03:44.717303,TXN_100472,CUST_1472,2445.05,0.7044,Authentication failure,customer_action,send_payment_reminder,Moderate recovery probability; assisted recovery is safer.,medium,pending,Payment recovery reminder generated.,0.0,,,,,
2026-08-30T12:03:44.721315,TXN_100473,CUST_1473,44589.81,0.1706,No specific payment failure,reminder,no_action,Recovery probability is below the 0.40 operating threshold.,low,stopped,Recovery stopped by decision policy.,0.0,,,,,
2026-08-30T12:03:44.725321,TXN_100474,CUST_1474,26526.75,0.7042,Bank declined the transaction,alternative_payment,human_review,Permanent or bank-declined failure should not be automatically retried.,high,escalated,Transaction requires human review.,0.0,,,,,
2026-08-30T12:03:44.727323,TXN_100475,CUST_1475,49650.35,0.9133,Temporary payment failure,retry,retry_payment,High recovery probability and retryable payment failure.,low,failed,Payment retry failed in simulation mode.,0.0,,,,,
2026-08-30T12:03:44.731069,TXN_100476,CUST_1476,3967.69,0.3941,No specific payment failure,reminder,no_action,Recovery probability is below the 0.40 operating threshold.,low,stopped,Recovery stopped by decision policy.,0.0,,,,,
2026-08-30T12:03:44.731069,TXN_100477,CUST_1477,27826.56,0.2151,Insufficient customer funds,payment_reminder,no_action,Recovery probability is below the 0.40 operating threshold.,low,stopped,Recovery stopped by decision policy.,0.0,,,,,
2026-08-30T12:03:44.731069,TXN_100478,CUST_1478,48474.34,0.3419,Expired payment method,payment_method_update,human_review,Permanent or bank-declined failure should not be automatically retried.,high,escalated,Transaction requires human review.,0.0,,,,,
2026-08-30T12:03:44.731069,TXN_100479,CUST_1479,26297.96,0.7578,Temporary payment failure,retry,retry_payment,High recovery probability and retryable payment failure.,low,recovered,Payment successfully recovered in simulation mode.,26297.96,,,,,
2026-08-30T12:03:44.731069,TXN_100480,CUST_1480,31581.11,0.8172,Bank declined the transaction,alternative_payment,human_review,Permanent or bank-declined failure should not be automatically retried.,high,escalated,Transaction requires human review.,0.0,,,,,
2026-08-30T12:03:44.746862,TXN_100481,CUST_1481,34878.71,0.3502,Bank declined the transaction,alternative_payment,human_review,Permanent or bank-declined failure should not be automatically retried.,high,escalated,Transaction requires human review.,0.0,,,,,
2026-08-30T12:03:44.746862,TXN_100482,CUST_1482,22890.69,0.2858,Insufficient customer funds,payment_reminder,no_action,Recovery probability is below the 0.40 operating threshold.,low,stopped,Recovery stopped by decision policy.,0.0,,,,,
2026-08-30T12:03:44.746862,TXN_100483,CUST_1483,31489.64,0.5575,Bank declined the transaction,alternative_payment,human_review,Permanent or bank-declined failure should not be automatically retried.,high,escalated,Transaction requires human review.,0.0,,,,,
2026-08-30T12:03:44.762667,TXN_100484,CUST_1484,29340.42,0.9025,Temporary payment failure,retry,retry_payment,High recovery probability and retryable payment failure.,low,recovered,Payment successfully recovered in simulation mode.,29340.42,,,,,
2026-08-30T12:03:44.762667,TXN_100485,CUST_1485,45087.55,0.883,Network-related payment failure,retry,retry_payment,High recovery probability and retryable payment failure.,low,failed,Payment retry failed in simulation mode.,0.0,,,,,
2026-08-30T12:03:44.762667,TXN_100486,CUST_1486,2558.69,0.5333,Expired payment method,payment_method_update,human_review,Permanent or bank-declined failure should not be automatically retried.,high,escalated,Transaction requires human review.,0.0,,,,,
2026-08-30T12:03:44.762667,TXN_100487,CUST_1487,14263.87,0.875,Temporary payment failure,retry,retry_payment,High recovery probability and retryable payment failure.,low,recovered,Payment successfully recovered in simulation mode.,14263.87,,,,,
2026-08-30T12:03:44.762667,TXN_100488,CUST_1488,47535.45,0.6926,No specific payment failure,reminder,send_payment_reminder,Moderate recovery probability; assisted recovery is safer.,medium,pending,Payment recovery reminder generated.,0.0,,,,,
2026-08-30T12:03:44.780421,TXN_100489,CUST_1489,44546.11,0.5896,Insufficient customer funds,payment_reminder,send_payment_reminder,Moderate recovery probability; assisted recovery is safer.,medium,pending,Payment recovery reminder generated.,0.0,,,,,
2026-08-30T12:03:44.784436,TXN_100490,CUST_1490,22946.14,0.5221,Insufficient customer funds,payment_reminder,send_payment_reminder,Moderate recovery probability; assisted recovery is safer.,medium,pending,Payment recovery reminder generated.,0.0,,,,,
2026-08-30T12:03:44.788460,TXN_100491,CUST_1491,31120.59,0.303,Expired payment method,payment_method_update,human_review,Permanent or bank-declined failure should not be automatically retried.,high,escalated,Transaction requires human review.,0.0,,,,,
2026-08-30T12:03:44.792475,TXN_100492,CUST_1492,14085.84,0.5198,Authentication failure,customer_action,send_payment_reminder,Moderate recovery probability; assisted recovery is safer.,medium,pending,Payment recovery reminder generated.,0.0,,,,,
2026-08-30T12:03:44.794224,TXN_100493,CUST_1493,9649.62,0.7664,Authentication failure,customer_action,send_payment_reminder,Moderate recovery probability; assisted recovery is safer.,medium,pending,Payment recovery reminder generated.,0.0,,,,,
2026-08-30T12:03:44.798738,TXN_100494,CUST_1494,23345.81,0.7954,Temporary payment failure,retry,retry_payment,High recovery probability and retryable payment failure.,low,failed,Payment retry failed in simulation mode.,0.0,,,,,
2026-08-30T12:03:44.802752,TXN_100495,CUST_1495,17861.61,0.7988,No specific payment failure,reminder,send_payment_reminder,Moderate recovery probability; assisted recovery is safer.,medium,pending,Payment recovery reminder generated.,0.0,,,,,
2026-08-30T12:03:44.806768,TXN_100496,CUST_1496,29307.71,0.5402,Network-related payment failure,retry,send_payment_reminder,Moderate recovery probability; assisted recovery is safer.,medium,pending,Payment recovery reminder generated.,0.0,,,,,
2026-08-30T12:03:44.810280,TXN_100497,CUST_1497,4163.41,0.9293,Temporary payment failure,retry,retry_payment,High recovery probability and retryable payment failure.,low,recovered,Payment successfully recovered in simulation mode.,4163.41,,,,,
2026-08-30T12:03:44.814054,TXN_100498,CUST_1498,48727.42,0.5046,Bank declined the transaction,alternative_payment,human_review,Permanent or bank-declined failure should not be automatically retried.,high,escalated,Transaction requires human review.,0.0,,,,,
2026-08-30T12:03:44.818067,TXN_100499,CUST_1499,49314.67,0.2413,No specific payment failure,reminder,no_action,Recovery probability is below the 0.40 operating threshold.,low,stopped,Recovery stopped by decision policy.,0.0,,,,,
2026-09-02T22:41:22.906897,VERIFIED_20260902224122,,500.0,1.0,Payment recovered through Razorpay,payment_verification,create_recovery_link,Razorpay confirmed the recovery payment.,low,recovered,,500.0,plink_TVu478q6sZzwhq,paid,500.0,recovered,Recovered successfully
2026-09-02T22:47:31.531998,VERIFIED_20260902224731,,500.0,1.0,Payment recovered through Razorpay,payment_verification,create_recovery_link,Razorpay confirmed the recovery payment.,low,recovered,,500.0,plink_TVtOJVc6Wnu7zY,,,,
2026-09-04T17:54:09.783785,VERIFIED_20260904175409,,500.0,1.0,Payment recovered through Razorpay,payment_verification,create_recovery_link,Razorpay confirmed the recovery payment.,low,recovered,,500.0,plink_TVx4d8mEsdvq2N,,,,
2026-09-04T18:04:36.079251,VERIFIED_20260904180436,,500.0,1.0,Recovery payment not completed,payment_verification,create_recovery_link,Razorpay confirmed the recovery payment.,low,recovered,,500.0,plink_TVx9kYuJqYY2cJ,paid,500.0,recovered,Recovered successfully
2026-09-04T18:15:02.997430,VERIFIED_20260904181502,,0.0,1.0,Recovery not confirmed,payment_verification,create_recovery_link,Recovery outcome could not be confirmed.,low,not_recovered,,0.0,pplink_TVvMFT69hsqo4u,,0.0,error,Not recovered
2026-09-04T18:19:09.826070,VERIFIED_20260904181909,,500.0,1.0,Recovery payment not completed,payment_verification,create_recovery_link,Razorpay confirmed the recovery payment.,low,recovered,,500.0,plink_TVvPSQfYIGSoE3,paid,500.0,recovered,Recovered successfully
2026-09-05T10:33:43.960065,VERIFIED_20260905103343,,0.0,1.0,Recovery not confirmed,payment_verification,create_recovery_link,Razorpay confirmed the recovery payment.,low,recovered,,500.0,plink_TVw5EXGIU9z5bE,paid,500.0,recovered,Recovered successfully
2026-09-05T11:03:35.597467,VERIFIED_20260905110335,,500.0,1.0,Recovery payment not completed,payment_verification,create_recovery_link,Recovery payment has not been confirmed.,low,pending,,0.0,plink_TVx8Cd4xK3Cf0O,created,0.0,pending,Recovery pending / payment not completed
