transaction_id,customer_id,amount,customer_tenure_months,previous_successes,previous_failures,days_since_last_payment,checkout_duration_minutes,checkout_started,checkout_completed,subscription_active,days_overdue,previous_recovery_success,failure_reason,recovered
TXN_100000,CUST_1000,18914.64,28,4,0,56,16.12,1,1,1,37,0,none,0
TXN_100001,CUST_1001,47550.5,7,10,5,39,7.85,1,0,1,29,0,bank_declined,1
TXN_100002,CUST_1002,36680.1,35,7,1,79,18.12,1,0,0,52,0,bank_declined,1
TXN_100003,CUST_1003,30053.33,55,5,4,44,1.86,1,1,1,51,1,temporary_failure,1
TXN_100004,CUST_1004,8054.13,28,3,4,34,1.64,0,1,0,45,1,temporary_failure,1
TXN_100005,CUST_1005,8052.93,14,1,3,2,18.58,1,0,0,19,0,network_error,1
TXN_100006,CUST_1006,3186.76,56,13,2,4,13.14,0,0,1,25,1,temporary_failure,1
TXN_100007,CUST_1007,43348.95,10,8,0,89,7.9,1,1,0,14,0,none,0
TXN_100008,CUST_1008,30175.42,16,12,0,10,15.22,1,1,1,6,1,network_error,1
TXN_100009,CUST_1009,35491.21,16,11,3,70,13.61,1,0,0,6,1,insufficient_funds,1
TXN_100010,CUST_1010,1323.05,54,0,3,55,10.86,1,0,1,49,0,network_error,0
TXN_100011,CUST_1011,48504.52,31,0,2,9,2.43,1,1,1,28,1,insufficient_funds,0
TXN_100012,CUST_1012,41672.4,42,12,5,33,16.34,1,1,1,22,0,bank_declined,1
TXN_100013,CUST_1013,10853.25,25,3,2,66,17.39,1,1,1,33,0,none,1
TXN_100014,CUST_1014,9336.7,13,6,4,71,3.86,1,1,1,19,1,authentication_failure,0
TXN_100015,CUST_1015,9415.2,6,0,5,30,17.08,1,0,1,14,1,temporary_failure,0
TXN_100016,CUST_1016,15420.84,44,8,1,74,17.62,1,1,0,32,1,expired_card,1
TXN_100017,CUST_1017,26380.39,9,3,2,70,11.21,1,1,1,52,1,insufficient_funds,0
TXN_100018,CUST_1018,21767.67,45,2,3,65,13.3,0,0,0,16,0,none,0
TXN_100019,CUST_1019,14774.09,36,0,5,69,7.95,1,1,0,19,0,authentication_failure,0
TXN_100020,CUST_1020,30709.09,56,9,2,40,5.99,1,1,0,56,1,authentication_failure,1
TXN_100021,CUST_1021,7232.84,43,3,0,62,14.58,1,0,0,12,0,none,0
TXN_100022,CUST_1022,14819.59,20,8,1,31,17.31,1,0,1,43,1,expired_card,0
TXN_100023,CUST_1023,18508.18,18,12,4,19,13.25,1,0,1,23,0,temporary_failure,1
TXN_100024,CUST_1024,22966.68,58,13,0,56,10.48,1,0,1,53,1,insufficient_funds,1
TXN_100025,CUST_1025,39323.25,43,9,0,49,3.6,1,1,1,46,0,none,0
TXN_100026,CUST_1026,10223.79,57,5,1,79,1.54,1,1,0,55,1,temporary_failure,0
TXN_100027,CUST_1027,25857.45,21,5,4,24,9.19,1,1,0,36,0,network_error,0
TXN_100028,CUST_1028,29743.0,4,0,3,11,1.46,1,0,0,6,1,expired_card,0
TXN_100029,CUST_1029,2608.59,50,9,5,70,11.6,0,1,1,7,0,network_error,0
TXN_100030,CUST_1030,30494.98,33,1,4,38,7.96,1,1,0,22,0,none,1
TXN_100031,CUST_1031,8775.05,27,10,2,16,15.27,1,1,1,13,1,expired_card,1
TXN_100032,CUST_1032,3533.06,7,5,0,44,6.46,1,0,1,3,1,expired_card,1
TXN_100033,CUST_1033,47459.61,6,1,2,10,12.06,1,0,1,20,1,none,0
TXN_100034,CUST_1034,48291.91,15,2,3,69,10.98,1,0,1,45,0,network_error,0
TXN_100035,CUST_1035,40477.35,18,3,2,22,0.59,1,1,1,9,0,bank_declined,0
TXN_100036,CUST_1036,15439.3,32,10,4,69,1.91,1,1,0,21,0,authentication_failure,1
TXN_100037,CUST_1037,5154.3,56,4,2,37,6.16,1,1,0,29,0,expired_card,0
TXN_100038,CUST_1038,34306.38,11,14,3,1,17.7,1,1,1,29,1,none,1
TXN_100039,CUST_1039,22175.58,20,8,3,85,3.37,1,1,1,59,0,insufficient_funds,0
TXN_100040,CUST_1040,6365.3,24,11,3,83,14.36,1,1,1,15,0,bank_declined,0
TXN_100041,CUST_1041,24910.29,15,14,4,88,19.48,1,1,0,10,0,none,1
TXN_100042,CUST_1042,2009.11,48,14,3,78,15.92,1,1,1,21,0,network_error,1
TXN_100043,CUST_1043,45493.22,7,3,0,71,5.24,1,0,0,28,0,temporary_failure,1
TXN_100044,CUST_1044,13161.37,21,12,3,36,18.21,1,1,0,24,0,expired_card,0
TXN_100045,CUST_1045,33227.36,42,10,2,48,2.32,1,0,0,57,0,none,1
TXN_100046,CUST_1046,15792.04,26,8,5,51,9.63,1,0,0,13,0,none,1
TXN_100047,CUST_1047,26147.38,44,10,2,32,17.81,1,1,0,13,1,none,1
TXN_100048,CUST_1048,27471.5,56,9,5,21,13.0,0,1,0,1,0,insufficient_funds,0
TXN_100049,CUST_1049,9487.27,14,2,2,4,8.57,1,0,1,53,0,none,0
TXN_100050,CUST_1050,48488.36,57,7,4,17,6.21,1,1,1,12,1,authentication_failure,0
TXN_100051,CUST_1051,38824.1,37,11,2,37,7.81,1,1,1,2,1,none,1
TXN_100052,CUST_1052,46993.1,58,0,4,36,10.42,1,1,1,29,1,bank_declined,0
TXN_100053,CUST_1053,44772.92,21,10,4,63,6.72,1,1,1,17,1,temporary_failure,1
TXN_100054,CUST_1054,30015.63,18,8,3,9,19.39,1,1,0,53,0,authentication_failure,1
TXN_100055,CUST_1055,46117.15,5,8,0,78,18.7,1,1,0,35,1,insufficient_funds,1
TXN_100056,CUST_1056,4698.08,3,9,5,41,17.48,1,1,1,20,0,expired_card,1
TXN_100057,CUST_1057,10040.35,23,1,3,47,8.73,1,1,0,52,0,none,1
TXN_100058,CUST_1058,2547.8,26,3,3,43,13.98,1,0,1,18,1,expired_card,0
TXN_100059,CUST_1059,16468.92,37,12,4,81,18.11,1,1,1,15,0,none,0
TXN_100060,CUST_1060,19617.26,24,7,4,86,17.08,1,0,1,27,1,authentication_failure,0
TXN_100061,CUST_1061,13786.05,49,6,5,15,8.58,1,1,1,3,1,none,1
TXN_100062,CUST_1062,41488.25,19,0,2,53,2.69,1,0,1,50,0,none,0
TXN_100063,CUST_1063,18030.64,51,4,2,34,1.97,1,1,0,54,1,expired_card,0
TXN_100064,CUST_1064,14262.45,25,6,3,27,11.75,1,1,1,14,0,authentication_failure,1
TXN_100065,CUST_1065,27272.0,21,14,1,1,13.03,1,0,0,0,0,network_error,1
TXN_100066,CUST_1066,7303.93,12,3,1,12,17.07,1,1,1,47,1,expired_card,0
TXN_100067,CUST_1067,40169.19,57,14,2,40,6.2,1,0,1,46,0,insufficient_funds,1
TXN_100068,CUST_1068,4005.17,41,14,1,79,3.77,1,1,0,15,1,none,1
TXN_100069,CUST_1069,49348.28,33,0,2,58,7.89,1,1,1,53,0,none,0
TXN_100070,CUST_1070,38680.57,50,8,4,68,7.39,1,0,0,19,0,authentication_failure,1
TXN_100071,CUST_1071,10176.17,53,13,3,52,3.08,1,1,0,32,1,expired_card,1
TXN_100072,CUST_1072,574.45,4,4,0,44,13.61,1,0,1,16,0,none,1
TXN_100073,CUST_1073,40828.43,42,10,3,19,10.42,1,1,0,4,0,expired_card,0
TXN_100074,CUST_1074,35430.81,57,1,2,23,14.56,1,1,0,4,0,network_error,1
TXN_100075,CUST_1075,36531.66,7,7,2,60,7.38,1,0,0,57,1,none,1
TXN_100076,CUST_1076,38632.14,22,10,3,57,6.85,1,1,1,38,0,bank_declined,1
TXN_100077,CUST_1077,3980.02,55,12,5,26,9.72,1,1,0,12,1,temporary_failure,1
TXN_100078,CUST_1078,18115.75,33,1,2,25,17.61,1,1,0,43,0,none,1
TXN_100079,CUST_1079,6058.69,17,2,1,6,1.29,1,0,1,35,1,expired_card,0
TXN_100080,CUST_1080,43196.24,24,13,1,41,16.19,1,1,0,29,1,none,1
TXN_100081,CUST_1081,31277.92,34,9,2,46,7.7,1,0,0,56,0,temporary_failure,1
TXN_100082,CUST_1082,16745.63,28,0,2,52,17.17,1,1,1,3,0,temporary_failure,0
TXN_100083,CUST_1083,3458.85,58,10,5,58,16.14,1,0,1,22,1,none,0
TXN_100084,CUST_1084,15755.82,43,1,1,37,7.3,1,1,1,20,1,temporary_failure,0
TXN_100085,CUST_1085,16461.61,41,13,2,68,14.03,1,0,0,20,0,none,1
TXN_100086,CUST_1086,36561.43,39,6,2,86,3.61,1,1,1,5,1,none,1
TXN_100087,CUST_1087,31986.61,22,9,5,52,17.98,0,1,1,23,1,expired_card,0
TXN_100088,CUST_1088,44394.47,49,1,5,14,8.39,1,1,0,46,1,temporary_failure,1
TXN_100089,CUST_1089,23769.08,17,5,3,25,9.38,1,1,0,52,1,expired_card,0
TXN_100090,CUST_1090,6243.83,34,14,5,47,14.26,1,1,1,30,0,none,0
TXN_100091,CUST_1091,35748.27,6,2,0,18,16.51,1,1,1,18,1,bank_declined,0
TXN_100092,CUST_1092,38111.02,46,3,1,8,5.11,0,1,1,37,0,bank_declined,1
TXN_100093,CUST_1093,28195.48,6,10,3,63,13.4,0,1,1,11,0,bank_declined,1
TXN_100094,CUST_1094,38617.07,34,14,0,53,8.14,1,1,1,13,0,temporary_failure,1
TXN_100095,CUST_1095,24841.64,1,12,2,50,7.69,1,1,1,49,0,none,0
TXN_100096,CUST_1096,26279.82,10,7,2,38,13.96,1,0,0,59,0,none,1
TXN_100097,CUST_1097,21548.79,21,13,3,3,8.05,1,1,0,11,0,none,1
TXN_100098,CUST_1098,1563.33,5,2,5,2,7.25,1,0,1,55,0,network_error,0
TXN_100099,CUST_1099,5662.2,2,9,2,63,16.8,1,1,1,55,1,none,1
TXN_100100,CUST_1100,1862.03,22,5,4,28,2.47,1,1,1,14,0,insufficient_funds,0
TXN_100101,CUST_1101,31929.6,48,0,3,10,13.68,1,1,1,18,0,expired_card,0
TXN_100102,CUST_1102,15923.49,57,6,0,57,5.35,1,0,1,27,0,network_error,1
TXN_100103,CUST_1103,25575.96,2,7,3,74,0.8,1,0,0,39,0,none,0
TXN_100104,CUST_1104,45406.05,10,10,1,26,3.75,1,1,1,40,0,none,1
TXN_100105,CUST_1105,12689.82,34,13,5,20,12.33,1,1,0,4,0,none,1
TXN_100106,CUST_1106,20696.03,16,7,5,38,14.33,1,1,0,4,1,none,1
TXN_100107,CUST_1107,37850.89,48,2,3,45,0.91,0,1,0,5,1,none,0
TXN_100108,CUST_1108,11671.27,51,13,2,65,1.21,1,1,1,22,1,temporary_failure,1
TXN_100109,CUST_1109,4125.9,39,9,2,35,18.1,1,0,1,2,0,none,0
TXN_100110,CUST_1110,14700.65,22,0,4,74,1.93,1,1,0,36,0,network_error,0
TXN_100111,CUST_1111,8312.7,12,8,4,81,17.94,1,0,0,32,0,bank_declined,0
TXN_100112,CUST_1112,46505.97,24,12,5,64,4.95,1,1,1,42,1,temporary_failure,1
TXN_100113,CUST_1113,40463.58,47,5,4,62,14.93,1,0,1,57,0,expired_card,0
TXN_100114,CUST_1114,31780.17,40,10,0,34,6.54,1,1,1,20,0,bank_declined,1
TXN_100115,CUST_1115,43611.59,38,8,4,30,17.25,1,0,1,19,0,authentication_failure,0
TXN_100116,CUST_1116,40242.5,59,6,0,27,14.16,1,1,1,0,0,expired_card,1
TXN_100117,CUST_1117,9572.53,10,0,4,0,8.34,1,0,0,38,1,none,0
TXN_100118,CUST_1118,44660.18,35,11,5,24,1.99,1,1,0,46,1,none,0
TXN_100119,CUST_1119,27105.31,51,11,5,42,14.79,1,1,0,16,1,authentication_failure,1
TXN_100120,CUST_1120,40429.78,49,0,0,83,12.53,1,0,1,28,0,bank_declined,0
TXN_100121,CUST_1121,44835.74,32,5,3,66,0.56,1,1,0,7,1,insufficient_funds,1
TXN_100122,CUST_1122,16104.77,7,4,5,62,0.68,0,1,1,25,1,bank_declined,0
TXN_100123,CUST_1123,5769.58,21,8,3,50,16.27,1,0,0,27,1,temporary_failure,0
TXN_100124,CUST_1124,11628.38,20,1,2,1,5.56,1,0,1,33,0,none,0
TXN_100125,CUST_1125,21527.26,26,7,0,81,12.9,1,1,0,25,0,network_error,1
TXN_100126,CUST_1126,40955.33,4,10,5,63,9.36,0,0,0,12,1,temporary_failure,0
TXN_100127,CUST_1127,43078.31,46,4,1,73,17.34,1,0,0,43,0,bank_declined,1
TXN_100128,CUST_1128,645.52,52,1,2,68,18.38,1,0,1,36,1,network_error,1
TXN_100129,CUST_1129,25684.14,22,12,3,8,19.94,1,1,0,12,1,network_error,1
TXN_100130,CUST_1130,21045.33,15,9,5,1,3.5,1,1,1,37,0,temporary_failure,1
TXN_100131,CUST_1131,11338.76,56,10,0,33,17.33,1,0,1,24,0,none,1
TXN_100132,CUST_1132,6257.31,40,10,4,59,5.69,1,1,1,46,0,insufficient_funds,0
TXN_100133,CUST_1133,17079.47,21,11,1,60,12.02,1,1,1,22,1,temporary_failure,1
TXN_100134,CUST_1134,47162.61,15,5,3,30,10.36,1,0,1,21,1,temporary_failure,1
TXN_100135,CUST_1135,16363.19,22,9,2,9,0.85,1,0,0,20,0,network_error,1
TXN_100136,CUST_1136,26083.89,52,7,0,75,18.69,1,1,0,53,0,temporary_failure,0
TXN_100137,CUST_1137,35240.04,28,3,1,35,2.03,1,1,1,29,0,temporary_failure,0
TXN_100138,CUST_1138,18372.39,14,1,0,84,13.92,1,0,0,10,1,bank_declined,0
TXN_100139,CUST_1139,48597.57,27,11,5,48,15.81,1,1,1,3,0,network_error,1
TXN_100140,CUST_1140,48133.63,41,10,4,69,16.01,1,1,0,32,0,temporary_failure,1
TXN_100141,CUST_1141,12813.58,40,4,2,48,3.14,1,0,1,46,1,bank_declined,1
TXN_100142,CUST_1142,25013.25,58,14,0,2,9.23,1,1,0,11,0,bank_declined,1
TXN_100143,CUST_1143,15253.65,28,11,3,73,16.67,1,1,1,8,0,temporary_failure,1
TXN_100144,CUST_1144,14456.57,26,1,5,4,6.4,1,1,1,31,0,authentication_failure,0
TXN_100145,CUST_1145,2133.28,49,1,5,89,9.62,1,1,0,10,0,temporary_failure,0
TXN_100146,CUST_1146,30595.35,2,14,2,60,5.82,1,0,0,36,0,temporary_failure,1
TXN_100147,CUST_1147,25283.15,25,5,5,84,9.54,1,1,0,23,1,authentication_failure,0
TXN_100148,CUST_1148,2858.49,56,10,3,89,17.81,1,1,1,6,1,insufficient_funds,0
TXN_100149,CUST_1149,14148.73,3,9,0,25,9.37,1,1,0,7,1,temporary_failure,1
TXN_100150,CUST_1150,45440.81,8,8,2,71,11.34,1,0,0,32,1,bank_declined,0
TXN_100151,CUST_1151,12206.23,44,12,5,4,8.38,1,1,1,24,0,none,1
TXN_100152,CUST_1152,7501.28,33,3,5,14,9.47,1,0,0,0,0,expired_card,1
TXN_100153,CUST_1153,24625.8,42,5,3,15,0.8,1,0,0,2,0,none,0
TXN_100154,CUST_1154,49286.83,52,6,4,0,6.03,1,0,0,39,1,none,0
TXN_100155,CUST_1155,12330.15,35,12,4,15,9.01,1,1,1,27,1,none,1
TXN_100156,CUST_1156,33705.14,6,10,5,36,12.86,1,0,1,42,0,none,1
TXN_100157,CUST_1157,38152.49,39,5,0,2,9.28,1,1,0,32,0,network_error,1
TXN_100158,CUST_1158,12110.59,52,7,2,51,7.09,1,0,1,45,0,bank_declined,0
TXN_100159,CUST_1159,36492.35,23,3,5,46,8.07,1,0,0,0,0,insufficient_funds,0
TXN_100160,CUST_1160,18578.82,25,11,1,12,5.22,1,0,0,37,1,expired_card,1
TXN_100161,CUST_1161,31725.6,59,14,2,79,18.53,1,0,1,52,0,none,1
TXN_100162,CUST_1162,31786.43,50,0,4,54,10.67,1,1,0,26,1,authentication_failure,0
TXN_100163,CUST_1163,26928.0,43,6,5,20,0.76,1,1,1,37,0,expired_card,1
TXN_100164,CUST_1164,4787.4,19,2,3,65,0.88,1,1,1,34,1,authentication_failure,1
TXN_100165,CUST_1165,41814.53,5,13,1,53,19.47,1,1,1,9,1,bank_declined,1
TXN_100166,CUST_1166,16242.77,51,5,5,26,4.82,1,1,0,11,1,bank_declined,0
TXN_100167,CUST_1167,9569.97,11,1,0,37,16.21,1,1,0,9,0,authentication_failure,0
TXN_100168,CUST_1168,2326.52,56,8,1,89,1.64,1,0,1,53,0,bank_declined,0
TXN_100169,CUST_1169,29667.38,12,0,5,57,18.46,1,1,0,33,0,none,0
TXN_100170,CUST_1170,33974.95,10,5,0,61,17.55,0,1,1,23,0,none,0
TXN_100171,CUST_1171,1124.42,8,5,1,45,11.64,1,0,0,27,1,none,1
TXN_100172,CUST_1172,25751.02,24,4,0,88,0.68,1,0,0,21,1,insufficient_funds,0
TXN_100173,CUST_1173,11556.84,28,12,0,10,5.53,1,0,0,44,0,none,1
TXN_100174,CUST_1174,32365.09,41,4,1,71,8.43,1,1,1,15,0,bank_declined,1
TXN_100175,CUST_1175,8966.01,36,0,1,7,9.47,1,1,1,12,0,bank_declined,1
TXN_100176,CUST_1176,34639.61,37,9,0,70,6.3,1,1,0,35,1,expired_card,0
TXN_100177,CUST_1177,19520.75,21,11,4,63,1.14,1,1,1,35,1,bank_declined,0
TXN_100178,CUST_1178,46855.48,8,4,1,20,12.01,1,1,0,42,0,temporary_failure,0
TXN_100179,CUST_1179,7134.79,55,1,5,71,10.72,1,1,0,22,0,bank_declined,0
TXN_100180,CUST_1180,17251.0,9,6,2,62,6.02,1,0,1,13,1,expired_card,0
TXN_100181,CUST_1181,5939.63,47,2,3,84,1.24,0,1,1,31,1,bank_declined,1
TXN_100182,CUST_1182,46257.27,15,12,0,63,19.89,1,1,0,2,0,network_error,1
TXN_100183,CUST_1183,43903.77,48,14,0,19,9.9,0,1,0,26,1,expired_card,1
TXN_100184,CUST_1184,13119.7,46,3,3,7,15.24,1,1,1,18,1,none,1
TXN_100185,CUST_1185,33101.21,40,2,4,57,9.32,1,1,1,21,0,none,1
TXN_100186,CUST_1186,40915.94,18,2,3,45,1.34,1,0,1,56,0,bank_declined,0
TXN_100187,CUST_1187,27893.48,42,3,1,30,6.54,1,1,0,0,0,temporary_failure,0
TXN_100188,CUST_1188,26623.63,20,4,3,8,6.74,1,1,1,4,0,bank_declined,1
TXN_100189,CUST_1189,12320.06,6,0,0,14,16.85,1,1,0,48,0,bank_declined,1
TXN_100190,CUST_1190,4927.21,12,3,3,25,13.26,1,0,1,32,0,expired_card,0
TXN_100191,CUST_1191,44891.62,2,11,2,9,5.87,1,0,0,50,0,temporary_failure,1
TXN_100192,CUST_1192,45050.78,7,11,5,28,19.37,1,1,0,18,0,bank_declined,0
TXN_100193,CUST_1193,31765.14,16,10,1,79,6.77,1,0,0,35,0,none,1
TXN_100194,CUST_1194,17149.78,3,7,3,35,19.97,1,0,1,50,0,expired_card,0
TXN_100195,CUST_1195,17655.72,45,9,0,83,19.93,1,1,1,5,1,none,1
TXN_100196,CUST_1196,36380.0,3,6,5,36,4.23,1,1,0,59,1,none,1
TXN_100197,CUST_1197,44886.38,27,8,1,85,6.6,1,0,1,14,0,none,1
TXN_100198,CUST_1198,44388.2,50,4,0,70,9.98,1,1,1,35,0,expired_card,1
TXN_100199,CUST_1199,39059.81,43,12,4,22,13.45,1,1,0,55,1,bank_declined,1
TXN_100200,CUST_1200,32208.97,40,14,2,40,10.8,1,0,1,32,0,none,1
TXN_100201,CUST_1201,4481.76,38,9,4,79,19.4,1,1,1,23,1,network_error,1
TXN_100202,CUST_1202,8332.95,33,3,2,27,14.62,1,1,0,26,0,insufficient_funds,1
TXN_100203,CUST_1203,44958.14,28,7,3,47,4.63,1,1,0,48,1,insufficient_funds,1
TXN_100204,CUST_1204,30439.52,1,8,1,37,2.55,1,1,0,10,0,expired_card,0
TXN_100205,CUST_1205,757.09,55,12,3,30,13.92,1,1,0,48,1,none,1
TXN_100206,CUST_1206,5343.14,8,6,2,13,3.59,0,1,1,22,1,temporary_failure,1
TXN_100207,CUST_1207,33276.04,37,13,2,72,15.86,1,0,1,32,1,temporary_failure,1
TXN_100208,CUST_1208,551.56,32,6,2,87,6.57,1,1,1,40,1,none,0
TXN_100209,CUST_1209,8292.16,48,4,5,76,6.87,1,1,0,45,0,none,0
TXN_100210,CUST_1210,27572.07,43,3,0,89,0.71,1,1,1,46,0,insufficient_funds,0
TXN_100211,CUST_1211,34687.19,37,13,1,28,14.17,1,1,1,55,0,bank_declined,0
TXN_100212,CUST_1212,32702.47,4,9,3,50,2.71,1,0,1,28,0,expired_card,0
TXN_100213,CUST_1213,11446.18,30,0,3,48,15.57,1,1,0,30,0,bank_declined,1
TXN_100214,CUST_1214,35695.31,6,9,4,42,10.09,1,1,1,0,1,none,1
TXN_100215,CUST_1215,12091.28,46,9,2,71,15.79,1,1,1,33,1,temporary_failure,1
TXN_100216,CUST_1216,16472.36,54,6,2,86,11.89,1,0,1,17,0,temporary_failure,0
TXN_100217,CUST_1217,37400.62,19,0,2,4,2.11,1,1,0,17,0,insufficient_funds,0
TXN_100218,CUST_1218,32586.76,32,0,3,41,15.43,1,1,0,5,0,insufficient_funds,0
TXN_100219,CUST_1219,42506.4,9,4,4,6,1.86,1,1,1,51,1,temporary_failure,0
TXN_100220,CUST_1220,32983.36,12,12,0,41,9.83,1,1,0,39,0,temporary_failure,1
TXN_100221,CUST_1221,28544.94,11,8,5,35,3.86,1,1,1,0,1,none,1
TXN_100222,CUST_1222,4955.64,46,5,1,26,15.17,1,1,1,46,1,temporary_failure,0
TXN_100223,CUST_1223,18575.48,55,2,0,57,18.28,1,1,0,41,1,none,1
TXN_100224,CUST_1224,13480.56,16,12,3,45,11.31,1,1,1,29,0,bank_declined,1
TXN_100225,CUST_1225,12426.29,1,2,5,65,10.78,1,1,0,3,0,expired_card,0
TXN_100226,CUST_1226,48658.62,45,6,5,24,15.4,1,1,0,31,1,insufficient_funds,1
TXN_100227,CUST_1227,19836.96,55,5,5,72,0.6,1,1,1,9,1,insufficient_funds,0
TXN_100228,CUST_1228,44634.71,53,8,2,26,18.4,1,1,1,42,1,network_error,1
TXN_100229,CUST_1229,31667.59,21,5,1,0,4.35,1,0,0,4,0,network_error,1
TXN_100230,CUST_1230,39802.12,30,4,3,86,19.69,1,1,1,8,1,none,0
TXN_100231,CUST_1231,25281.06,13,9,3,73,14.86,1,1,0,4,0,none,1
TXN_100232,CUST_1232,28972.12,34,6,5,41,15.6,1,1,1,10,1,expired_card,0
TXN_100233,CUST_1233,24778.13,4,0,3,51,13.3,1,0,1,34,1,bank_declined,0
TXN_100234,CUST_1234,10003.58,28,11,1,24,9.7,1,0,0,26,1,none,1
TXN_100235,CUST_1235,36205.87,38,6,1,53,11.65,0,0,1,3,1,network_error,1
TXN_100236,CUST_1236,14254.39,58,2,4,66,1.4,1,0,1,9,0,none,0
TXN_100237,CUST_1237,1508.5,31,13,4,5,12.67,1,1,1,38,1,none,1
TXN_100238,CUST_1238,32379.97,59,8,0,57,12.71,1,0,1,32,1,temporary_failure,1
TXN_100239,CUST_1239,9102.4,55,14,1,69,17.88,1,0,0,58,0,bank_declined,1
TXN_100240,CUST_1240,47040.79,27,5,1,52,10.36,0,0,0,37,1,network_error,1
TXN_100241,CUST_1241,47710.25,5,8,1,65,2.0,1,1,1,7,0,expired_card,1
TXN_100242,CUST_1242,45768.76,25,12,4,57,6.47,1,1,1,48,1,network_error,1
TXN_100243,CUST_1243,18696.89,3,14,5,81,13.28,1,0,1,23,0,none,1
TXN_100244,CUST_1244,1068.19,33,4,5,86,5.17,1,1,0,38,1,insufficient_funds,0
TXN_100245,CUST_1245,46437.43,4,6,3,1,5.97,1,1,0,32,0,insufficient_funds,1
TXN_100246,CUST_1246,21580.75,25,12,5,75,16.5,1,0,0,40,0,temporary_failure,1
TXN_100247,CUST_1247,48342.74,20,13,2,21,11.89,1,1,0,42,0,network_error,1
TXN_100248,CUST_1248,48191.91,34,3,4,36,10.42,1,0,1,18,0,expired_card,0
TXN_100249,CUST_1249,42694.57,26,14,1,19,6.71,1,1,1,1,1,bank_declined,1
TXN_100250,CUST_1250,14934.11,5,6,5,23,14.75,1,0,0,54,0,network_error,0
TXN_100251,CUST_1251,19439.36,35,12,4,83,6.11,1,1,1,10,1,temporary_failure,1
TXN_100252,CUST_1252,42601.49,28,0,5,64,14.87,1,0,1,34,1,temporary_failure,0
TXN_100253,CUST_1253,16051.02,29,6,0,64,1.87,1,1,0,16,1,expired_card,1
TXN_100254,CUST_1254,8723.79,9,7,1,80,17.36,1,1,1,41,1,bank_declined,0
TXN_100255,CUST_1255,27973.02,52,4,0,0,10.24,1,0,0,2,0,expired_card,1
TXN_100256,CUST_1256,46826.89,38,1,1,2,9.05,1,1,1,21,0,none,1
TXN_100257,CUST_1257,34892.68,50,4,4,45,12.41,1,1,1,34,0,none,0
TXN_100258,CUST_1258,28632.04,6,5,3,54,12.67,1,1,1,20,0,temporary_failure,0
TXN_100259,CUST_1259,5129.67,19,11,5,74,3.07,1,0,1,24,1,authentication_failure,1
TXN_100260,CUST_1260,30865.86,44,1,5,87,15.25,1,0,0,38,0,none,0
TXN_100261,CUST_1261,49505.68,57,13,2,85,5.88,1,1,1,1,1,none,1
TXN_100262,CUST_1262,7262.18,11,5,0,63,18.15,1,1,1,0,0,none,1
TXN_100263,CUST_1263,26060.98,2,5,5,44,16.45,1,1,1,6,1,insufficient_funds,0
TXN_100264,CUST_1264,43905.44,47,0,4,25,7.25,0,0,1,19,0,insufficient_funds,1
TXN_100265,CUST_1265,37116.2,44,13,3,76,16.25,1,0,1,42,0,network_error,1
TXN_100266,CUST_1266,34941.68,44,0,4,64,7.45,1,1,1,54,1,none,0
TXN_100267,CUST_1267,35213.46,9,13,0,23,2.47,1,1,0,5,0,bank_declined,1
TXN_100268,CUST_1268,18166.71,21,10,2,73,19.26,1,1,0,54,1,temporary_failure,0
TXN_100269,CUST_1269,14891.51,24,9,5,34,13.23,1,0,1,35,0,expired_card,0
TXN_100270,CUST_1270,40525.25,34,2,4,23,9.39,1,0,1,50,0,insufficient_funds,1
TXN_100271,CUST_1271,40562.64,22,13,1,27,8.26,0,0,1,59,1,temporary_failure,1
TXN_100272,CUST_1272,43393.49,3,9,3,79,6.83,0,0,0,20,0,temporary_failure,1
TXN_100273,CUST_1273,45688.06,12,9,4,15,19.64,1,0,0,50,1,bank_declined,1
TXN_100274,CUST_1274,25713.72,28,14,3,58,3.13,1,1,1,45,0,network_error,1
TXN_100275,CUST_1275,25225.36,30,11,5,80,6.64,1,1,1,34,1,bank_declined,1
TXN_100276,CUST_1276,39975.27,26,2,1,53,9.97,1,1,1,35,0,temporary_failure,1
TXN_100277,CUST_1277,32603.21,48,3,2,78,9.82,1,0,0,7,0,temporary_failure,1
TXN_100278,CUST_1278,35187.75,21,1,2,15,9.69,1,0,0,49,0,insufficient_funds,0
TXN_100279,CUST_1279,39850.9,28,8,1,14,3.93,1,1,0,3,0,expired_card,0
TXN_100280,CUST_1280,44533.27,56,9,3,10,3.33,1,1,0,42,0,temporary_failure,1
TXN_100281,CUST_1281,17098.36,26,11,5,64,5.47,1,1,1,15,1,network_error,1
TXN_100282,CUST_1282,18966.47,33,10,4,78,18.33,1,1,0,2,1,temporary_failure,1
TXN_100283,CUST_1283,4970.9,21,13,1,89,2.7,1,1,0,6,0,insufficient_funds,0
TXN_100284,CUST_1284,29040.52,35,6,0,67,15.27,1,1,0,1,0,temporary_failure,1
TXN_100285,CUST_1285,2086.33,52,6,3,42,15.27,1,0,0,0,0,temporary_failure,1
TXN_100286,CUST_1286,23440.22,34,14,2,68,16.29,1,1,1,57,0,expired_card,1
TXN_100287,CUST_1287,27269.44,41,5,1,12,17.79,1,0,0,0,0,authentication_failure,0
TXN_100288,CUST_1288,14541.1,51,14,2,9,5.63,1,1,0,37,0,none,1
TXN_100289,CUST_1289,29664.41,47,2,3,74,4.88,1,1,1,50,1,temporary_failure,1
TXN_100290,CUST_1290,1815.86,18,5,2,81,9.58,1,1,0,6,1,temporary_failure,0
TXN_100291,CUST_1291,2156.2,58,14,1,40,5.67,1,0,1,23,0,bank_declined,1
TXN_100292,CUST_1292,41183.25,11,13,3,49,14.82,1,1,0,4,0,none,1
TXN_100293,CUST_1293,18201.47,57,11,0,86,12.9,1,1,1,20,1,bank_declined,1
TXN_100294,CUST_1294,6614.91,23,7,1,70,17.56,1,1,0,27,0,bank_declined,0
TXN_100295,CUST_1295,26255.49,48,7,4,58,2.11,1,1,0,17,1,bank_declined,1
TXN_100296,CUST_1296,38568.68,22,10,5,38,18.34,1,1,1,23,1,temporary_failure,1
TXN_100297,CUST_1297,11026.31,17,12,1,2,6.22,1,0,0,57,0,none,1
TXN_100298,CUST_1298,31257.66,5,8,3,75,10.07,1,1,1,31,0,network_error,1
TXN_100299,CUST_1299,4541.77,44,14,5,6,9.05,1,0,0,44,1,none,1
TXN_100300,CUST_1300,2868.58,11,0,1,48,15.33,1,0,1,32,1,expired_card,0
TXN_100301,CUST_1301,26708.33,30,13,0,25,8.7,1,1,1,9,0,authentication_failure,1
TXN_100302,CUST_1302,27169.57,15,0,0,32,18.9,1,1,0,8,1,temporary_failure,0
TXN_100303,CUST_1303,31980.27,27,2,4,47,18.1,1,0,0,48,0,network_error,1
TXN_100304,CUST_1304,36386.74,35,2,2,78,17.51,1,0,1,32,0,temporary_failure,0
TXN_100305,CUST_1305,48799.85,33,9,5,1,1.89,0,0,1,32,1,bank_declined,1
TXN_100306,CUST_1306,25960.13,20,7,3,70,17.16,1,1,0,6,1,network_error,1
TXN_100307,CUST_1307,16350.94,16,14,3,31,15.74,1,0,1,3,1,none,1
TXN_100308,CUST_1308,39820.75,34,9,2,3,2.52,1,0,0,27,1,expired_card,1
TXN_100309,CUST_1309,13760.36,2,0,0,19,2.59,1,0,0,22,0,expired_card,0
TXN_100310,CUST_1310,22116.88,35,12,0,35,2.47,1,1,1,52,0,temporary_failure,1
TXN_100311,CUST_1311,4199.28,40,1,1,31,0.72,1,1,1,31,0,bank_declined,0
TXN_100312,CUST_1312,1559.93,56,1,4,27,11.2,1,0,1,43,0,temporary_failure,1
TXN_100313,CUST_1313,48143.63,28,2,5,76,19.48,1,1,0,15,1,expired_card,0
TXN_100314,CUST_1314,41848.21,47,12,4,0,9.05,1,0,0,45,0,none,0
TXN_100315,CUST_1315,34889.92,39,5,4,59,11.04,1,1,1,54,1,insufficient_funds,0
TXN_100316,CUST_1316,20624.96,6,0,1,55,19.38,1,1,0,9,1,temporary_failure,0
TXN_100317,CUST_1317,8912.73,9,1,4,34,5.48,1,0,0,13,0,authentication_failure,0
TXN_100318,CUST_1318,8074.92,20,12,2,29,17.24,1,0,0,38,0,none,1
TXN_100319,CUST_1319,12737.07,1,14,1,53,11.15,1,1,1,35,1,network_error,1
TXN_100320,CUST_1320,27596.57,8,12,2,35,11.6,1,0,0,33,1,temporary_failure,1
TXN_100321,CUST_1321,35815.42,55,0,1,54,7.19,1,1,0,23,1,none,0
TXN_100322,CUST_1322,33111.81,23,4,4,88,11.45,1,1,1,17,0,none,0
TXN_100323,CUST_1323,14212.71,3,12,2,79,1.93,0,0,1,15,0,temporary_failure,1
TXN_100324,CUST_1324,47756.8,4,12,2,57,15.41,1,1,0,40,0,none,0
TXN_100325,CUST_1325,36973.48,58,6,2,82,6.05,1,1,1,36,0,authentication_failure,1
TXN_100326,CUST_1326,27851.4,25,7,1,64,17.81,0,1,0,40,1,bank_declined,1
TXN_100327,CUST_1327,30702.52,47,9,3,68,7.67,1,0,0,24,1,authentication_failure,1
TXN_100328,CUST_1328,21154.12,38,0,4,50,3.29,1,1,1,7,0,none,0
TXN_100329,CUST_1329,12612.23,15,6,2,21,14.07,1,1,0,23,0,expired_card,1
TXN_100330,CUST_1330,17991.84,21,12,5,87,3.71,1,1,0,19,0,temporary_failure,1
TXN_100331,CUST_1331,37964.95,35,4,3,52,15.2,1,1,1,47,1,none,1
TXN_100332,CUST_1332,1015.36,57,9,5,35,19.38,1,0,1,29,0,temporary_failure,1
TXN_100333,CUST_1333,6068.81,53,0,4,67,15.7,0,1,1,19,1,none,0
TXN_100334,CUST_1334,2586.33,53,2,4,35,0.94,1,1,0,17,0,network_error,0
TXN_100335,CUST_1335,2324.22,46,6,2,51,12.2,1,0,0,3,1,insufficient_funds,0
TXN_100336,CUST_1336,42816.39,52,9,2,52,14.06,1,1,0,47,0,temporary_failure,1
TXN_100337,CUST_1337,35271.8,14,0,1,81,16.6,1,0,0,35,0,none,0
TXN_100338,CUST_1338,23866.44,36,6,3,49,1.59,1,0,0,5,1,bank_declined,0
TXN_100339,CUST_1339,5162.36,12,4,3,79,9.86,1,1,1,2,0,expired_card,0
TXN_100340,CUST_1340,24733.31,17,0,2,40,10.94,1,0,0,17,0,authentication_failure,1
TXN_100341,CUST_1341,23831.55,39,0,4,17,3.8,1,0,0,46,0,expired_card,1
TXN_100342,CUST_1342,8908.13,9,13,2,21,6.79,1,1,1,39,0,authentication_failure,1
TXN_100343,CUST_1343,21862.43,35,0,4,65,9.08,1,1,0,17,0,insufficient_funds,0
TXN_100344,CUST_1344,20105.69,13,10,4,20,16.75,1,1,1,55,1,bank_declined,1
TXN_100345,CUST_1345,30907.75,15,8,2,43,18.62,1,1,0,22,1,none,1
TXN_100346,CUST_1346,31864.15,18,10,0,46,12.75,1,0,1,34,0,authentication_failure,1
TXN_100347,CUST_1347,2551.61,51,12,3,38,8.2,1,1,1,5,0,insufficient_funds,1
TXN_100348,CUST_1348,18918.25,33,2,5,28,5.45,1,1,1,53,0,none,0
TXN_100349,CUST_1349,31405.24,6,14,4,53,19.65,1,1,0,25,0,none,1
TXN_100350,CUST_1350,25305.87,59,12,4,89,19.67,1,1,1,20,0,temporary_failure,1
TXN_100351,CUST_1351,42867.55,27,4,0,84,18.54,1,1,0,23,1,none,0
TXN_100352,CUST_1352,33037.07,23,10,5,16,15.82,1,0,0,14,0,expired_card,1
TXN_100353,CUST_1353,8397.84,59,9,1,79,6.85,1,1,0,26,0,temporary_failure,1
TXN_100354,CUST_1354,3807.27,27,11,0,59,16.43,1,1,0,31,1,insufficient_funds,1
TXN_100355,CUST_1355,32228.24,34,8,5,30,8.47,1,0,0,11,1,expired_card,0
TXN_100356,CUST_1356,1617.61,56,5,0,72,6.87,1,0,0,4,1,none,0
TXN_100357,CUST_1357,29413.05,46,11,4,77,15.02,1,1,0,6,1,insufficient_funds,0
TXN_100358,CUST_1358,47029.44,38,8,3,48,2.05,1,0,1,21,1,insufficient_funds,1
TXN_100359,CUST_1359,28901.07,14,7,0,1,1.45,1,0,0,26,0,bank_declined,0
TXN_100360,CUST_1360,19592.05,36,7,1,47,9.24,1,1,1,14,0,network_error,1
TXN_100361,CUST_1361,32271.42,53,0,2,13,9.19,1,1,1,38,0,temporary_failure,1
TXN_100362,CUST_1362,23075.17,8,12,5,58,17.97,1,1,0,44,1,temporary_failure,1
TXN_100363,CUST_1363,27417.15,35,8,0,57,2.96,1,1,1,56,1,expired_card,1
TXN_100364,CUST_1364,47090.8,19,5,0,57,2.9,1,1,1,34,0,none,0
TXN_100365,CUST_1365,19489.3,30,8,1,50,3.38,1,1,0,25,1,authentication_failure,1
TXN_100366,CUST_1366,48071.17,14,2,3,83,1.08,0,0,0,22,1,bank_declined,0
TXN_100367,CUST_1367,45295.93,59,11,0,1,1.9,1,1,1,12,1,bank_declined,1
TXN_100368,CUST_1368,10030.82,20,2,0,40,13.37,1,1,1,25,1,bank_declined,1
TXN_100369,CUST_1369,3747.26,49,5,3,82,8.92,1,0,1,2,1,none,1
TXN_100370,CUST_1370,5308.67,25,8,1,81,15.39,1,0,0,28,0,none,1
TXN_100371,CUST_1371,1205.62,40,6,5,15,19.86,1,1,1,1,0,insufficient_funds,1
TXN_100372,CUST_1372,4993.82,24,13,5,3,13.35,1,0,0,27,0,bank_declined,1
TXN_100373,CUST_1373,34245.44,14,12,0,11,1.48,1,0,0,22,0,network_error,1
TXN_100374,CUST_1374,3838.08,26,2,3,28,2.54,1,1,0,35,0,network_error,0
TXN_100375,CUST_1375,16153.09,38,2,0,6,17.68,1,1,0,48,1,authentication_failure,0
TXN_100376,CUST_1376,42290.3,23,1,2,13,10.79,1,1,1,5,1,none,1
TXN_100377,CUST_1377,1456.62,22,8,5,11,16.58,1,0,1,10,1,none,0
TXN_100378,CUST_1378,40779.08,48,12,4,4,17.2,1,0,1,37,0,authentication_failure,1
TXN_100379,CUST_1379,14308.18,57,14,2,80,18.59,1,1,0,53,0,none,1
TXN_100380,CUST_1380,6172.79,19,2,0,31,19.02,1,0,1,33,0,none,1
TXN_100381,CUST_1381,34927.84,46,10,1,73,11.32,1,1,1,16,0,none,1
TXN_100382,CUST_1382,31558.46,51,4,5,42,7.15,1,0,0,2,0,none,1
TXN_100383,CUST_1383,43910.36,3,13,4,80,19.26,1,1,1,43,0,insufficient_funds,1
TXN_100384,CUST_1384,36833.03,42,13,2,68,11.17,1,1,1,45,0,insufficient_funds,1
TXN_100385,CUST_1385,40233.0,19,8,5,44,1.75,1,0,1,33,1,none,0
TXN_100386,CUST_1386,14317.12,9,7,3,8,13.03,1,1,0,21,0,none,1
TXN_100387,CUST_1387,9118.75,28,1,1,48,11.96,1,0,1,28,1,none,0
TXN_100388,CUST_1388,37605.55,20,2,2,32,17.97,1,0,1,59,0,temporary_failure,0
TXN_100389,CUST_1389,40399.69,45,1,3,17,13.24,0,1,0,53,1,network_error,0
TXN_100390,CUST_1390,49528.11,7,7,0,8,7.31,1,0,1,28,0,temporary_failure,0
TXN_100391,CUST_1391,20807.1,14,5,3,61,19.34,0,1,0,4,0,authentication_failure,0
TXN_100392,CUST_1392,18789.3,9,5,2,56,16.13,0,0,1,9,0,temporary_failure,1
TXN_100393,CUST_1393,38887.72,59,11,2,28,12.79,1,0,1,9,1,temporary_failure,1
TXN_100394,CUST_1394,17237.94,55,14,0,77,6.21,1,0,1,52,0,temporary_failure,1
TXN_100395,CUST_1395,46558.64,57,8,3,24,7.78,1,1,1,8,0,network_error,0
TXN_100396,CUST_1396,42963.11,19,7,3,14,13.56,0,1,0,20,1,bank_declined,0
TXN_100397,CUST_1397,21621.0,47,3,0,5,1.9,1,0,0,12,0,temporary_failure,1
TXN_100398,CUST_1398,37618.29,52,14,3,41,5.51,1,0,1,9,0,bank_declined,1
TXN_100399,CUST_1399,37800.78,14,11,5,28,14.42,1,1,0,37,0,temporary_failure,0
TXN_100400,CUST_1400,5425.26,56,3,0,78,9.86,1,1,1,10,1,none,0
TXN_100401,CUST_1401,45156.88,38,8,1,3,8.35,1,1,0,3,0,bank_declined,1
TXN_100402,CUST_1402,25411.04,53,0,2,81,3.45,1,1,0,57,0,bank_declined,1
TXN_100403,CUST_1403,41374.94,36,12,1,56,9.12,1,1,1,45,0,none,1
TXN_100404,CUST_1404,16206.47,40,1,5,48,15.53,1,0,1,30,0,network_error,0
TXN_100405,CUST_1405,44807.5,17,1,5,43,5.65,1,0,0,48,1,expired_card,0
TXN_100406,CUST_1406,19643.32,30,12,4,79,0.61,1,0,0,51,0,network_error,0
TXN_100407,CUST_1407,838.63,9,12,4,74,13.54,1,1,0,33,0,none,1
TXN_100408,CUST_1408,45297.48,33,5,4,13,19.47,1,1,0,41,0,insufficient_funds,0
TXN_100409,CUST_1409,4836.95,56,14,0,2,12.33,1,1,0,34,0,none,1
TXN_100410,CUST_1410,16169.89,52,3,3,61,2.84,1,0,0,38,0,none,0
TXN_100411,CUST_1411,47518.08,25,12,5,63,6.75,1,1,1,38,0,network_error,1
TXN_100412,CUST_1412,47545.18,14,10,1,44,17.42,1,1,1,32,0,expired_card,0
TXN_100413,CUST_1413,28799.86,11,9,1,81,5.04,1,1,0,7,1,network_error,1
TXN_100414,CUST_1414,31702.31,53,12,1,57,12.35,1,0,1,31,0,temporary_failure,1
TXN_100415,CUST_1415,22587.74,35,2,1,19,8.35,1,1,1,54,0,insufficient_funds,0
TXN_100416,CUST_1416,14872.58,41,2,4,57,4.55,1,0,0,32,0,none,0
TXN_100417,CUST_1417,16634.63,59,2,1,88,16.36,0,1,0,7,0,network_error,0
TXN_100418,CUST_1418,33724.17,14,5,3,56,14.99,1,1,1,45,1,bank_declined,0
TXN_100419,CUST_1419,37693.01,30,13,4,76,13.4,1,0,0,13,0,none,1
TXN_100420,CUST_1420,39641.48,41,7,1,67,5.11,1,1,1,33,0,authentication_failure,1
TXN_100421,CUST_1421,39544.02,4,10,0,77,2.41,1,0,1,7,1,temporary_failure,0
TXN_100422,CUST_1422,4832.94,59,6,2,51,11.74,1,1,1,50,0,none,1
TXN_100423,CUST_1423,24872.69,4,13,2,36,11.3,1,0,1,41,0,none,1
TXN_100424,CUST_1424,3160.67,28,3,2,7,4.17,1,1,1,6,0,temporary_failure,1
TXN_100425,CUST_1425,27611.59,8,10,4,43,1.6,1,1,0,12,0,none,0
TXN_100426,CUST_1426,22244.07,2,11,1,4,2.07,1,0,0,53,1,insufficient_funds,1
TXN_100427,CUST_1427,44418.9,41,3,5,68,19.86,1,1,1,20,0,authentication_failure,0
TXN_100428,CUST_1428,17740.48,46,10,5,30,15.78,1,1,1,46,0,temporary_failure,0
TXN_100429,CUST_1429,6118.23,22,9,5,44,18.48,1,0,1,31,0,network_error,1
TXN_100430,CUST_1430,7406.69,41,14,4,8,4.3,1,1,1,10,0,bank_declined,1
TXN_100431,CUST_1431,38147.08,56,10,3,31,19.23,1,1,0,57,1,bank_declined,1
TXN_100432,CUST_1432,31025.44,55,10,0,32,3.28,1,1,0,13,0,none,1
TXN_100433,CUST_1433,5325.8,16,13,0,66,10.43,1,1,0,10,1,temporary_failure,1
TXN_100434,CUST_1434,4480.11,29,10,2,29,16.68,1,1,0,1,0,none,0
TXN_100435,CUST_1435,35138.17,49,1,2,75,7.32,1,1,1,33,1,network_error,0
TXN_100436,CUST_1436,3916.32,48,13,5,28,8.78,1,1,1,43,0,none,1
TXN_100437,CUST_1437,41146.44,30,0,5,2,3.0,1,1,1,46,0,network_error,1
TXN_100438,CUST_1438,35400.24,12,8,2,89,2.9,1,0,1,16,1,temporary_failure,1
TXN_100439,CUST_1439,4343.03,35,11,1,56,12.58,1,1,0,13,1,temporary_failure,1
TXN_100440,CUST_1440,4516.43,11,14,3,29,13.67,1,1,0,24,0,none,1
TXN_100441,CUST_1441,49335.99,46,11,3,8,15.66,1,1,0,47,0,none,1
TXN_100442,CUST_1442,18901.26,50,1,3,25,11.36,1,1,1,26,0,bank_declined,0
TXN_100443,CUST_1443,18720.91,21,12,3,1,13.09,1,0,0,7,1,network_error,1
TXN_100444,CUST_1444,40696.14,21,7,2,61,0.76,1,1,1,55,0,authentication_failure,1
TXN_100445,CUST_1445,47378.25,5,14,0,2,3.66,1,1,1,16,1,none,1
TXN_100446,CUST_1446,49304.25,48,8,2,45,19.71,1,1,0,4,1,none,1
TXN_100447,CUST_1447,37742.9,20,3,3,67,1.98,1,0,0,11,1,none,0
TXN_100448,CUST_1448,19000.1,37,7,2,24,13.74,1,0,1,37,0,none,0
TXN_100449,CUST_1449,4449.99,3,8,3,50,3.93,1,1,0,17,0,none,1
TXN_100450,CUST_1450,38924.2,44,9,4,12,14.48,1,1,1,25,1,insufficient_funds,1
TXN_100451,CUST_1451,28052.69,33,9,5,43,14.27,1,0,1,30,1,none,0
TXN_100452,CUST_1452,21383.83,53,4,0,34,5.07,1,0,0,36,1,expired_card,0
TXN_100453,CUST_1453,45345.81,9,12,4,54,5.76,1,1,1,5,0,none,1
TXN_100454,CUST_1454,5826.51,9,13,1,86,13.27,1,0,0,40,1,network_error,1
TXN_100455,CUST_1455,24783.47,4,6,2,8,8.11,1,0,1,14,0,temporary_failure,1
TXN_100456,CUST_1456,864.28,35,9,1,1,4.29,0,1,0,41,0,network_error,1
TXN_100457,CUST_1457,23592.43,17,3,2,60,14.77,0,1,1,48,1,expired_card,0
TXN_100458,CUST_1458,3098.27,34,0,5,40,3.51,1,0,1,25,0,insufficient_funds,0
TXN_100459,CUST_1459,6205.25,24,2,4,43,17.19,1,1,1,50,1,bank_declined,1
TXN_100460,CUST_1460,6141.05,32,4,5,63,10.54,1,0,0,11,0,network_error,1
TXN_100461,CUST_1461,32565.75,1,2,3,30,2.56,1,0,1,40,0,bank_declined,0
TXN_100462,CUST_1462,37378.43,8,11,5,46,14.03,1,0,1,46,0,bank_declined,1
TXN_100463,CUST_1463,29293.43,45,12,5,1,10.62,1,1,1,13,0,temporary_failure,0
TXN_100464,CUST_1464,48119.98,23,10,3,81,6.31,1,0,1,0,0,none,0
TXN_100465,CUST_1465,18931.07,47,6,2,76,8.74,0,1,1,16,1,none,0
TXN_100466,CUST_1466,14499.89,40,11,3,68,6.32,1,0,1,32,1,temporary_failure,1
TXN_100467,CUST_1467,43469.38,12,8,4,57,5.63,1,0,0,54,0,none,1
TXN_100468,CUST_1468,11412.71,54,14,5,43,3.69,1,0,1,28,0,none,1
TXN_100469,CUST_1469,48172.16,12,11,3,73,7.57,1,1,0,52,1,temporary_failure,1
TXN_100470,CUST_1470,904.08,46,5,5,55,5.39,1,1,1,53,1,bank_declined,0
TXN_100471,CUST_1471,48502.98,47,12,4,42,13.83,0,1,1,44,1,network_error,1
TXN_100472,CUST_1472,2445.05,15,9,1,88,13.84,0,1,0,30,1,authentication_failure,0
TXN_100473,CUST_1473,44589.81,41,0,4,33,10.29,1,0,1,7,0,none,0
TXN_100474,CUST_1474,26526.75,19,6,0,29,15.67,1,1,1,29,0,bank_declined,1
TXN_100475,CUST_1475,49650.35,26,14,0,70,16.91,1,0,0,12,0,temporary_failure,1
TXN_100476,CUST_1476,3967.69,52,2,0,69,11.81,1,1,1,15,0,none,0
TXN_100477,CUST_1477,27826.56,29,4,5,54,12.57,0,0,0,1,1,insufficient_funds,0
TXN_100478,CUST_1478,48474.34,22,9,2,66,6.02,1,0,1,44,0,expired_card,0
TXN_100479,CUST_1479,26297.96,40,3,2,12,17.95,1,1,1,17,1,temporary_failure,1
TXN_100480,CUST_1480,31581.11,21,9,2,2,0.97,1,1,1,34,1,bank_declined,1
TXN_100481,CUST_1481,34878.71,51,4,5,25,7.3,1,1,1,44,1,bank_declined,0
TXN_100482,CUST_1482,22890.69,38,4,4,56,14.58,0,1,1,18,1,insufficient_funds,1
TXN_100483,CUST_1483,31489.64,20,5,2,23,2.06,1,1,0,12,0,bank_declined,1
TXN_100484,CUST_1484,29340.42,57,13,1,52,4.07,1,0,0,50,1,temporary_failure,1
TXN_100485,CUST_1485,45087.55,29,9,0,69,11.99,0,1,1,3,0,network_error,1
TXN_100486,CUST_1486,2558.69,51,11,4,42,11.42,1,1,1,18,0,expired_card,0
TXN_100487,CUST_1487,14263.87,4,9,0,59,14.91,1,1,1,49,1,temporary_failure,1
TXN_100488,CUST_1488,47535.45,55,12,2,57,16.35,1,0,1,24,0,none,1
TXN_100489,CUST_1489,44546.11,7,12,4,48,3.01,1,1,1,37,1,insufficient_funds,1
TXN_100490,CUST_1490,22946.14,28,10,3,41,0.86,1,0,0,50,1,insufficient_funds,0
TXN_100491,CUST_1491,31120.59,28,5,1,75,13.95,1,1,1,56,1,expired_card,0
TXN_100492,CUST_1492,14085.84,4,7,2,65,6.38,1,1,0,30,0,authentication_failure,1
TXN_100493,CUST_1493,9649.62,22,7,2,10,12.71,1,1,0,35,1,authentication_failure,1
TXN_100494,CUST_1494,23345.81,12,10,1,89,3.44,1,1,1,3,0,temporary_failure,1
TXN_100495,CUST_1495,17861.61,45,8,1,17,9.65,0,1,1,55,1,none,1
TXN_100496,CUST_1496,29307.71,3,7,3,84,10.34,1,0,1,38,0,network_error,1
TXN_100497,CUST_1497,4163.41,22,12,2,51,11.91,0,1,1,6,1,temporary_failure,1
TXN_100498,CUST_1498,48727.42,44,10,5,45,10.51,0,1,1,57,0,bank_declined,0
TXN_100499,CUST_1499,49314.67,2,1,2,43,10.17,1,1,1,54,0,none,0
TXN_100500,CUST_1000,34998.64,24,13,0,21,6.99,0,1,1,57,0,network_error,1
TXN_100501,CUST_1001,26943.99,34,13,4,52,1.89,1,1,0,15,0,temporary_failure,1
TXN_100502,CUST_1002,15683.52,27,11,4,58,2.25,0,0,1,58,1,bank_declined,1
TXN_100503,CUST_1003,40745.61,55,9,0,29,8.96,1,1,1,47,0,insufficient_funds,1
TXN_100504,CUST_1004,34331.14,41,11,4,7,7.44,0,0,1,4,0,authentication_failure,1
TXN_100505,CUST_1005,8382.06,1,10,1,56,10.56,0,1,1,46,0,none,1
TXN_100506,CUST_1006,45573.08,8,14,4,72,6.44,1,1,0,22,0,bank_declined,0
TXN_100507,CUST_1007,41180.1,23,0,4,19,13.91,1,0,0,35,0,bank_declined,0
TXN_100508,CUST_1008,47505.06,38,9,0,24,17.35,1,1,1,31,1,none,1
TXN_100509,CUST_1009,36368.26,6,1,3,18,6.33,1,1,1,23,0,network_error,1
TXN_100510,CUST_1010,30786.74,22,1,4,4,4.26,1,1,1,24,0,network_error,0
TXN_100511,CUST_1011,21086.68,25,11,5,74,2.77,1,0,1,44,0,insufficient_funds,0
TXN_100512,CUST_1012,46656.61,18,2,4,78,12.52,0,0,0,27,0,network_error,0
TXN_100513,CUST_1013,43343.38,17,9,3,71,9.16,1,1,0,18,0,network_error,0
TXN_100514,CUST_1014,2547.37,12,6,0,82,4.17,1,0,1,6,0,bank_declined,1
TXN_100515,CUST_1015,1610.44,6,1,3,86,13.24,1,1,0,43,1,none,0
TXN_100516,CUST_1016,19010.23,26,13,0,26,3.4,1,1,1,57,0,none,1
TXN_100517,CUST_1017,40584.5,27,0,1,39,11.31,0,0,0,40,0,none,1
TXN_100518,CUST_1018,49367.62,8,13,0,25,10.78,1,1,1,16,0,network_error,1
TXN_100519,CUST_1019,7775.72,19,5,1,26,14.82,1,1,0,1,1,authentication_failure,1
TXN_100520,CUST_1020,29828.3,42,8,1,61,1.57,1,1,0,15,1,insufficient_funds,1
TXN_100521,CUST_1021,19230.28,1,14,0,82,17.81,0,1,1,38,0,bank_declined,1
TXN_100522,CUST_1022,48504.75,57,2,5,49,14.21,1,1,1,17,1,none,0
TXN_100523,CUST_1023,42153.31,29,5,2,41,4.71,1,0,0,38,0,authentication_failure,1
TXN_100524,CUST_1024,41964.94,45,2,0,28,4.08,1,1,1,0,0,none,1
TXN_100525,CUST_1025,23594.05,49,13,4,38,8.92,1,0,0,2,0,temporary_failure,1
TXN_100526,CUST_1026,20916.53,35,12,5,59,16.44,1,1,0,20,0,authentication_failure,0
TXN_100527,CUST_1027,13888.33,40,0,5,40,16.94,1,1,0,59,0,network_error,0
TXN_100528,CUST_1028,3101.86,14,13,4,32,10.65,1,1,0,29,0,authentication_failure,1
TXN_100529,CUST_1029,43276.7,35,12,2,82,17.29,1,1,1,10,0,none,1
TXN_100530,CUST_1030,40701.18,48,11,5,82,0.61,1,0,0,21,0,none,0
TXN_100531,CUST_1031,49985.97,45,4,1,15,1.19,1,1,1,46,0,temporary_failure,0
TXN_100532,CUST_1032,49832.85,20,9,2,22,18.28,1,0,0,56,0,temporary_failure,1
TXN_100533,CUST_1033,27904.96,56,13,4,6,15.62,1,0,1,24,1,temporary_failure,1
TXN_100534,CUST_1034,38518.67,49,12,2,25,9.29,1,0,0,2,0,expired_card,1
TXN_100535,CUST_1035,47254.86,13,10,0,11,15.2,0,1,0,29,1,bank_declined,1
TXN_100536,CUST_1036,42527.48,38,3,2,71,19.13,1,1,0,23,1,none,0
TXN_100537,CUST_1037,12593.2,49,6,1,4,15.56,0,1,1,44,0,bank_declined,0
TXN_100538,CUST_1038,22692.04,46,5,0,68,16.93,1,1,1,35,0,network_error,0
TXN_100539,CUST_1039,6719.22,49,9,3,48,15.33,1,1,1,22,0,none,1
TXN_100540,CUST_1040,47716.34,8,6,4,25,3.78,1,1,1,53,0,network_error,1
TXN_100541,CUST_1041,30426.88,43,4,4,4,16.75,1,1,1,7,0,network_error,1
TXN_100542,CUST_1042,11663.55,20,14,2,21,4.3,1,1,1,53,0,temporary_failure,1
TXN_100543,CUST_1043,33683.52,33,14,5,78,17.91,1,0,0,3,0,bank_declined,0
TXN_100544,CUST_1044,31020.97,26,3,0,12,9.44,1,0,0,49,1,network_error,1
TXN_100545,CUST_1045,18100.69,39,6,3,27,13.7,1,1,1,38,0,authentication_failure,1
TXN_100546,CUST_1046,5943.81,21,6,0,32,10.2,1,1,1,42,1,none,1
TXN_100547,CUST_1047,33677.19,53,5,4,22,2.33,0,1,0,30,0,none,0
TXN_100548,CUST_1048,26159.29,49,7,0,17,6.17,1,1,1,28,1,none,1
TXN_100549,CUST_1049,38684.22,42,3,3,29,19.68,1,0,1,58,0,bank_declined,0
TXN_100550,CUST_1050,26152.13,43,9,5,25,19.23,1,1,1,35,0,expired_card,0
TXN_100551,CUST_1051,42653.42,54,4,2,15,6.75,1,1,0,12,1,bank_declined,1
TXN_100552,CUST_1052,27729.77,41,3,1,76,19.93,0,0,1,40,1,insufficient_funds,0
TXN_100553,CUST_1053,28178.62,9,11,0,38,16.99,1,1,0,8,0,bank_declined,0
TXN_100554,CUST_1054,43869.68,24,0,1,32,12.41,1,0,0,54,0,temporary_failure,0
TXN_100555,CUST_1055,20353.1,37,11,4,25,1.28,1,1,1,20,1,bank_declined,1
TXN_100556,CUST_1056,6960.56,49,7,2,47,18.08,1,0,0,50,1,authentication_failure,1
TXN_100557,CUST_1057,1730.5,41,0,2,64,11.37,1,1,0,2,0,none,0
TXN_100558,CUST_1058,37830.32,17,4,0,37,17.44,1,1,0,24,0,bank_declined,1
TXN_100559,CUST_1059,31129.38,24,14,5,1,16.77,1,0,0,24,1,none,1
TXN_100560,CUST_1060,35292.76,21,5,2,5,16.74,1,1,0,11,0,insufficient_funds,0
TXN_100561,CUST_1061,10884.32,51,5,0,45,14.11,1,1,0,28,1,insufficient_funds,1
TXN_100562,CUST_1062,7077.66,59,12,0,49,6.18,1,1,1,10,0,authentication_failure,1
TXN_100563,CUST_1063,1022.87,39,4,1,37,7.06,1,1,1,51,1,expired_card,0
TXN_100564,CUST_1064,17724.2,55,2,2,87,6.52,1,0,1,10,1,temporary_failure,1
TXN_100565,CUST_1065,29618.91,41,14,0,17,0.89,1,1,0,48,1,insufficient_funds,1
TXN_100566,CUST_1066,19794.53,39,4,1,26,11.86,1,1,0,25,0,authentication_failure,1
TXN_100567,CUST_1067,22042.5,13,11,3,40,14.13,1,0,1,52,0,bank_declined,1
TXN_100568,CUST_1068,45236.69,11,7,1,71,17.15,1,1,0,13,0,expired_card,0
TXN_100569,CUST_1069,17608.3,46,13,1,73,3.23,1,1,1,15,1,authentication_failure,1
TXN_100570,CUST_1070,25845.28,19,1,0,16,11.11,0,1,1,55,1,temporary_failure,1
TXN_100571,CUST_1071,39247.55,11,5,4,61,0.66,1,1,0,9,0,none,1
TXN_100572,CUST_1072,20008.18,13,8,4,28,2.35,1,0,1,30,1,insufficient_funds,0
TXN_100573,CUST_1073,31217.71,46,7,5,57,1.56,1,1,0,30,1,none,0
TXN_100574,CUST_1074,43159.48,45,13,4,69,14.65,1,0,1,35,0,none,1
TXN_100575,CUST_1075,47491.17,1,10,1,77,2.08,0,0,1,9,0,none,1
TXN_100576,CUST_1076,7609.55,40,7,5,21,14.47,1,1,1,25,1,authentication_failure,1
TXN_100577,CUST_1077,46351.4,44,7,0,5,5.37,1,1,0,19,0,network_error,1
TXN_100578,CUST_1078,24758.18,19,14,2,25,17.62,0,1,0,43,1,bank_declined,1
TXN_100579,CUST_1079,13134.75,12,12,1,38,16.36,0,0,0,8,0,expired_card,0
TXN_100580,CUST_1080,23119.05,8,6,1,11,19.18,1,1,0,14,1,authentication_failure,1
TXN_100581,CUST_1081,49007.62,8,7,5,13,17.73,1,1,1,8,0,bank_declined,1
TXN_100582,CUST_1082,24783.12,53,12,0,21,18.7,1,1,1,6,0,none,1
TXN_100583,CUST_1083,16638.96,45,5,3,50,17.25,1,1,0,25,0,temporary_failure,1
TXN_100584,CUST_1084,31780.02,12,1,1,22,14.02,1,1,1,23,0,none,1
TXN_100585,CUST_1085,12235.24,48,1,3,47,3.82,1,1,1,11,0,none,1
TXN_100586,CUST_1086,4070.41,33,7,3,70,5.8,1,0,1,59,0,authentication_failure,0
TXN_100587,CUST_1087,6705.32,45,10,4,49,4.65,1,0,0,19,1,authentication_failure,0
TXN_100588,CUST_1088,6663.88,26,0,0,88,12.27,1,1,0,55,1,bank_declined,0
TXN_100589,CUST_1089,7849.56,39,5,3,12,10.32,1,1,1,13,0,none,0
TXN_100590,CUST_1090,7199.71,28,12,0,84,17.41,0,0,1,21,1,temporary_failure,1
TXN_100591,CUST_1091,32151.47,58,5,4,9,19.08,1,1,1,15,0,network_error,1
TXN_100592,CUST_1092,9339.44,5,10,0,54,8.39,1,1,1,28,1,expired_card,1
TXN_100593,CUST_1093,17479.66,8,3,1,8,10.37,0,1,0,31,1,none,1
TXN_100594,CUST_1094,44870.38,25,11,3,78,19.44,1,0,1,18,0,none,0
TXN_100595,CUST_1095,23855.89,27,10,0,51,5.89,1,1,0,54,1,network_error,1
TXN_100596,CUST_1096,33477.62,46,12,2,1,15.95,1,1,1,34,1,temporary_failure,1
TXN_100597,CUST_1097,8864.3,23,14,0,24,4.89,1,1,1,42,0,bank_declined,1
TXN_100598,CUST_1098,9856.76,30,10,3,12,13.79,1,0,1,31,1,temporary_failure,1
TXN_100599,CUST_1099,2331.17,45,12,4,50,5.45,0,1,1,54,1,none,1
TXN_100600,CUST_1100,8696.07,47,9,4,57,17.73,0,1,1,52,0,none,0
TXN_100601,CUST_1101,14145.94,23,2,3,33,11.45,1,1,0,19,1,none,1
TXN_100602,CUST_1102,9097.42,49,12,1,34,4.13,0,1,0,50,1,expired_card,1
TXN_100603,CUST_1103,4708.52,47,10,1,2,4.88,1,0,1,39,0,authentication_failure,1
TXN_100604,CUST_1104,6295.6,20,2,4,58,10.13,1,1,0,19,0,temporary_failure,0
TXN_100605,CUST_1105,23200.7,18,14,4,69,19.25,1,1,0,7,0,bank_declined,1
TXN_100606,CUST_1106,10554.79,18,14,3,47,15.51,1,1,0,57,1,temporary_failure,1
TXN_100607,CUST_1107,18404.21,2,12,1,63,10.02,1,0,1,34,1,expired_card,0
TXN_100608,CUST_1108,25319.84,4,12,4,18,7.09,1,1,0,41,0,temporary_failure,1
TXN_100609,CUST_1109,34612.62,30,0,1,66,11.21,1,1,1,12,1,expired_card,0
TXN_100610,CUST_1110,2253.81,33,2,4,81,15.09,1,1,1,40,1,expired_card,0
TXN_100611,CUST_1111,40030.7,36,3,0,72,15.79,1,1,1,5,1,authentication_failure,0
TXN_100612,CUST_1112,31506.65,18,10,2,75,6.83,1,1,0,46,0,temporary_failure,1
TXN_100613,CUST_1113,4363.42,37,10,5,4,14.56,1,1,1,15,0,bank_declined,1
TXN_100614,CUST_1114,43716.86,19,4,0,66,13.33,1,1,1,4,1,bank_declined,0
TXN_100615,CUST_1115,46067.36,47,2,5,10,19.2,1,1,1,52,0,expired_card,0
TXN_100616,CUST_1116,3335.57,28,5,4,67,18.66,1,1,1,44,1,temporary_failure,0
TXN_100617,CUST_1117,14060.82,40,10,2,68,15.89,1,1,1,50,1,none,1
TXN_100618,CUST_1118,40368.2,20,13,2,0,14.61,1,0,0,33,0,none,1
TXN_100619,CUST_1119,37488.51,49,14,4,62,5.84,1,0,1,5,1,insufficient_funds,0
TXN_100620,CUST_1120,9470.69,33,11,4,28,17.0,1,1,0,58,0,expired_card,0
TXN_100621,CUST_1121,10704.66,12,4,1,81,8.84,1,1,0,32,0,expired_card,1
TXN_100622,CUST_1122,18712.46,58,2,4,11,5.81,1,0,1,14,0,none,0
TXN_100623,CUST_1123,24380.79,51,5,3,76,7.99,1,0,0,14,0,insufficient_funds,0
TXN_100624,CUST_1124,31027.26,15,5,4,40,16.8,1,0,0,13,0,temporary_failure,0
TXN_100625,CUST_1125,18635.01,41,14,3,1,3.4,1,1,1,38,1,insufficient_funds,1
TXN_100626,CUST_1126,23287.98,39,13,4,36,9.4,1,1,1,4,1,bank_declined,0
TXN_100627,CUST_1127,37449.31,2,7,1,44,10.1,0,0,0,51,0,none,1
TXN_100628,CUST_1128,2123.16,29,1,3,79,1.21,1,1,1,56,1,none,0
TXN_100629,CUST_1129,12846.12,41,0,0,47,4.32,1,1,0,25,0,none,0
TXN_100630,CUST_1130,35753.47,10,3,3,23,16.62,1,1,0,47,0,temporary_failure,0
TXN_100631,CUST_1131,44791.78,2,6,1,21,16.7,0,1,0,16,1,temporary_failure,0
TXN_100632,CUST_1132,25730.37,51,14,5,10,6.2,0,0,0,42,1,expired_card,1
TXN_100633,CUST_1133,26746.04,11,10,3,57,17.56,1,1,0,46,1,insufficient_funds,1
TXN_100634,CUST_1134,5626.45,13,9,4,45,15.55,1,0,0,51,0,bank_declined,0
TXN_100635,CUST_1135,22536.39,10,2,4,28,8.65,1,0,1,15,1,network_error,0
TXN_100636,CUST_1136,26771.08,14,2,5,34,15.09,1,1,1,34,1,temporary_failure,0
TXN_100637,CUST_1137,12350.78,18,4,1,14,19.25,0,0,1,37,1,network_error,1
TXN_100638,CUST_1138,13681.39,51,4,2,59,9.45,1,1,1,52,0,bank_declined,0
TXN_100639,CUST_1139,19051.02,54,12,4,41,5.15,1,0,0,22,0,network_error,1
TXN_100640,CUST_1140,1297.54,9,9,0,42,18.87,1,0,1,12,1,none,1
TXN_100641,CUST_1141,16307.33,57,2,1,79,12.27,1,1,1,32,1,temporary_failure,0
TXN_100642,CUST_1142,10808.97,39,8,3,73,2.55,0,1,0,28,0,none,1
TXN_100643,CUST_1143,16576.62,28,3,3,48,11.67,1,1,0,52,0,network_error,1
TXN_100644,CUST_1144,6252.18,3,12,0,63,10.26,1,1,1,45,0,none,1
TXN_100645,CUST_1145,44559.21,20,12,4,31,17.18,1,1,1,33,0,insufficient_funds,0
TXN_100646,CUST_1146,29801.54,6,14,1,63,10.85,1,1,1,33,0,network_error,1
TXN_100647,CUST_1147,34051.39,27,2,0,1,5.48,1,1,0,26,0,bank_declined,1
TXN_100648,CUST_1148,39521.81,53,10,4,23,13.68,1,0,0,14,0,none,1
TXN_100649,CUST_1149,25072.58,2,1,1,86,11.08,1,0,1,58,0,network_error,1
TXN_100650,CUST_1150,4619.94,29,9,3,65,5.04,1,1,1,49,0,authentication_failure,1
TXN_100651,CUST_1151,26994.2,38,12,1,37,11.69,1,0,0,8,0,none,1
TXN_100652,CUST_1152,29466.0,3,10,5,30,16.52,1,0,0,25,0,bank_declined,0
TXN_100653,CUST_1153,37348.34,16,8,2,25,1.06,1,0,1,2,1,insufficient_funds,1
TXN_100654,CUST_1154,21753.48,30,3,1,28,12.8,1,0,1,35,0,network_error,1
TXN_100655,CUST_1155,6640.74,40,2,2,66,7.32,1,0,0,46,1,network_error,1
TXN_100656,CUST_1156,14403.66,2,6,1,77,6.21,1,0,1,4,0,bank_declined,0
TXN_100657,CUST_1157,18345.19,17,7,2,24,8.16,1,0,1,19,1,authentication_failure,1
TXN_100658,CUST_1158,32402.09,41,10,5,47,7.17,0,0,1,19,0,none,0
TXN_100659,CUST_1159,28667.68,12,13,3,64,16.73,1,1,0,4,0,none,1
TXN_100660,CUST_1160,17998.01,35,1,4,52,5.86,1,0,0,9,0,temporary_failure,1
TXN_100661,CUST_1161,49329.81,43,6,2,66,14.8,1,1,1,15,1,insufficient_funds,1
TXN_100662,CUST_1162,30407.01,1,11,5,89,2.33,1,1,0,24,0,none,0
TXN_100663,CUST_1163,12090.17,55,4,2,17,19.05,1,1,1,43,0,expired_card,1
TXN_100664,CUST_1164,5358.59,45,14,3,8,12.64,1,1,1,24,0,none,1
TXN_100665,CUST_1165,7897.1,15,10,2,37,14.28,1,1,0,29,1,bank_declined,1
TXN_100666,CUST_1166,12524.1,26,4,5,86,6.31,1,0,1,13,0,none,0
TXN_100667,CUST_1167,8285.86,37,2,5,20,8.54,1,1,1,21,0,expired_card,1
TXN_100668,CUST_1168,9572.38,21,4,0,64,4.86,1,0,1,42,0,insufficient_funds,1
TXN_100669,CUST_1169,14469.23,49,11,3,20,18.68,1,1,0,27,0,network_error,0
TXN_100670,CUST_1170,8916.67,31,1,0,26,10.02,1,1,1,29,1,network_error,1
TXN_100671,CUST_1171,44869.24,25,3,3,69,12.79,1,0,0,18,0,authentication_failure,0
TXN_100672,CUST_1172,4287.62,23,5,2,43,14.82,1,1,1,37,0,none,1
TXN_100673,CUST_1173,26368.22,24,0,5,27,7.74,1,1,1,41,1,none,0
TXN_100674,CUST_1174,20696.72,57,9,0,44,14.54,1,0,0,19,1,none,0
TXN_100675,CUST_1175,49124.22,38,3,2,16,13.68,0,1,1,34,0,none,0
TXN_100676,CUST_1176,5868.33,28,5,5,39,14.26,1,1,1,21,1,authentication_failure,1
TXN_100677,CUST_1177,20073.42,21,8,3,2,10.04,1,1,0,14,0,bank_declined,1
TXN_100678,CUST_1178,48482.68,54,13,5,75,7.97,0,0,0,10,0,none,0
TXN_100679,CUST_1179,43315.7,43,10,2,75,4.83,1,0,1,53,1,authentication_failure,0
TXN_100680,CUST_1180,40908.48,18,10,0,65,16.58,1,1,0,33,1,insufficient_funds,1
TXN_100681,CUST_1181,13117.77,36,12,0,45,12.36,1,1,0,56,0,authentication_failure,1
TXN_100682,CUST_1182,8793.11,35,1,5,85,9.16,1,1,1,23,0,temporary_failure,0
TXN_100683,CUST_1183,33531.57,45,10,2,86,18.91,1,1,1,5,0,expired_card,0
TXN_100684,CUST_1184,46489.99,55,6,1,29,1.43,1,0,1,16,0,bank_declined,1
TXN_100685,CUST_1185,27971.12,9,5,3,68,17.08,1,1,0,27,0,insufficient_funds,0
TXN_100686,CUST_1186,28709.15,53,1,3,8,19.95,1,1,0,49,0,none,0
TXN_100687,CUST_1187,14214.96,38,7,2,84,17.8,1,1,0,30,1,none,1
TXN_100688,CUST_1188,38543.8,58,6,1,10,16.3,1,0,1,35,1,none,0
TXN_100689,CUST_1189,9596.07,30,10,0,68,7.8,0,0,1,54,0,network_error,1
TXN_100690,CUST_1190,16386.86,44,4,4,65,5.01,0,1,0,8,0,none,0
TXN_100691,CUST_1191,21444.19,34,11,4,87,14.83,1,0,0,9,0,none,1
TXN_100692,CUST_1192,25528.24,32,4,2,30,6.44,1,1,1,20,0,network_error,1
TXN_100693,CUST_1193,12347.76,3,6,1,32,3.93,1,0,1,57,0,none,1
TXN_100694,CUST_1194,6007.39,3,8,1,38,15.84,1,0,0,33,1,insufficient_funds,1
TXN_100695,CUST_1195,30647.82,28,10,3,45,6.59,1,0,1,30,0,none,1
TXN_100696,CUST_1196,14644.94,44,14,0,36,18.33,1,1,0,28,1,bank_declined,0
TXN_100697,CUST_1197,29187.54,15,8,5,59,16.89,1,1,1,42,1,authentication_failure,0
TXN_100698,CUST_1198,7971.83,41,8,1,30,17.03,1,1,1,42,0,temporary_failure,1
TXN_100699,CUST_1199,24212.66,23,5,5,10,15.55,0,1,1,10,0,network_error,1
TXN_100700,CUST_1200,26769.69,40,9,4,86,17.68,1,0,0,32,1,network_error,1
TXN_100701,CUST_1201,2875.63,11,5,5,1,16.21,1,0,0,57,1,none,0
TXN_100702,CUST_1202,17029.23,48,2,0,26,12.25,1,1,1,45,1,none,1
TXN_100703,CUST_1203,6980.41,32,0,0,1,6.27,1,1,0,0,0,none,1
TXN_100704,CUST_1204,3449.74,58,6,5,20,17.82,1,1,1,20,0,bank_declined,0
TXN_100705,CUST_1205,49501.02,59,3,2,57,16.89,1,1,1,22,0,none,1
TXN_100706,CUST_1206,16320.99,57,0,1,4,9.72,1,1,1,56,1,authentication_failure,0
TXN_100707,CUST_1207,40550.76,54,14,2,51,1.26,1,0,1,8,1,none,1
TXN_100708,CUST_1208,12955.64,36,7,5,44,12.95,1,1,1,55,1,insufficient_funds,1
TXN_100709,CUST_1209,34170.69,33,11,1,84,1.49,1,0,1,0,0,authentication_failure,1
TXN_100710,CUST_1210,38083.32,24,5,3,19,18.56,1,1,0,20,1,none,1
TXN_100711,CUST_1211,29903.25,39,5,2,60,19.25,1,1,0,21,0,none,0
TXN_100712,CUST_1212,23737.34,34,1,2,37,4.2,1,0,0,53,0,expired_card,1
TXN_100713,CUST_1213,20768.49,56,14,5,19,13.69,1,1,0,3,0,none,1
TXN_100714,CUST_1214,17638.75,28,0,4,24,2.3,1,0,1,0,1,temporary_failure,1
TXN_100715,CUST_1215,46497.6,37,12,5,1,14.73,1,1,1,50,1,expired_card,1
TXN_100716,CUST_1216,41581.78,7,13,2,31,7.27,1,1,1,9,0,network_error,1
TXN_100717,CUST_1217,48261.84,4,13,1,25,13.78,1,1,1,14,1,temporary_failure,1
TXN_100718,CUST_1218,6477.57,37,1,4,69,7.77,1,1,1,51,0,temporary_failure,1
TXN_100719,CUST_1219,36624.11,56,3,5,40,3.34,1,0,1,35,0,temporary_failure,1
TXN_100720,CUST_1220,46935.52,1,1,5,66,8.42,1,1,0,28,0,expired_card,0
TXN_100721,CUST_1221,9307.28,1,0,2,0,2.7,1,1,1,51,0,temporary_failure,0
TXN_100722,CUST_1222,3604.86,47,6,2,50,11.75,1,1,0,45,0,authentication_failure,0
TXN_100723,CUST_1223,37133.7,20,10,3,4,1.3,1,0,1,4,0,bank_declined,0
TXN_100724,CUST_1224,28851.31,19,10,5,12,10.78,1,0,0,28,1,network_error,1
TXN_100725,CUST_1225,42138.89,29,14,2,18,17.78,1,0,1,46,0,expired_card,1
TXN_100726,CUST_1226,7246.69,10,11,0,11,16.84,1,1,1,46,1,expired_card,1
TXN_100727,CUST_1227,39824.79,18,7,4,47,17.71,1,0,1,26,0,authentication_failure,1
TXN_100728,CUST_1228,10320.88,28,5,0,24,18.48,1,1,1,24,1,authentication_failure,1
TXN_100729,CUST_1229,8433.7,35,3,4,56,2.54,1,1,1,15,1,bank_declined,1
TXN_100730,CUST_1230,8464.01,43,13,5,34,3.01,1,1,0,15,1,none,0
TXN_100731,CUST_1231,40784.36,47,5,3,75,11.36,1,1,0,35,0,bank_declined,0
TXN_100732,CUST_1232,33360.3,31,2,2,4,17.93,1,0,1,24,1,insufficient_funds,1
TXN_100733,CUST_1233,26296.35,27,11,2,21,19.5,1,1,0,40,0,none,1
TXN_100734,CUST_1234,18133.88,11,7,2,76,1.4,1,1,1,0,1,bank_declined,1
TXN_100735,CUST_1235,43896.87,49,9,5,56,7.44,0,1,1,4,0,none,0
TXN_100736,CUST_1236,19804.52,49,13,4,46,4.65,1,1,0,40,0,bank_declined,0
TXN_100737,CUST_1237,40884.99,38,12,2,53,15.24,1,0,0,19,0,expired_card,1
TXN_100738,CUST_1238,22125.0,5,12,0,2,12.98,1,1,0,4,1,temporary_failure,1
TXN_100739,CUST_1239,19034.14,8,1,2,52,2.84,1,1,0,35,0,bank_declined,1
TXN_100740,CUST_1240,23295.19,34,4,5,83,9.93,1,1,1,28,1,bank_declined,0
TXN_100741,CUST_1241,15278.48,48,0,3,30,13.87,1,0,1,47,1,none,0
TXN_100742,CUST_1242,37456.19,52,5,0,68,15.69,1,0,1,33,1,none,0
TXN_100743,CUST_1243,25285.2,56,1,2,87,0.89,1,1,0,57,0,authentication_failure,0
TXN_100744,CUST_1244,11840.97,12,3,2,32,17.86,1,1,1,47,1,none,1
TXN_100745,CUST_1245,45008.86,38,5,1,71,11.6,1,1,0,17,0,expired_card,1
TXN_100746,CUST_1246,19379.39,1,9,4,87,16.33,1,1,1,1,0,none,1
TXN_100747,CUST_1247,27314.58,31,10,0,49,16.25,1,1,1,15,1,none,1
TXN_100748,CUST_1248,45351.66,4,7,1,83,4.2,1,0,1,28,1,temporary_failure,1
TXN_100749,CUST_1249,31324.63,49,11,3,15,2.65,1,0,1,32,1,expired_card,1
TXN_100750,CUST_1250,6109.83,45,7,4,75,14.57,1,1,0,15,0,network_error,0
TXN_100751,CUST_1251,47009.66,50,10,0,76,3.55,1,1,0,34,0,temporary_failure,1
TXN_100752,CUST_1252,31497.09,5,5,2,38,17.07,1,1,1,46,0,insufficient_funds,1
TXN_100753,CUST_1253,16944.81,30,3,0,88,14.66,1,1,0,42,0,none,0
TXN_100754,CUST_1254,7221.82,56,7,2,45,16.92,1,1,0,41,0,none,1
TXN_100755,CUST_1255,39763.05,24,12,4,87,6.33,1,1,0,16,0,none,1
TXN_100756,CUST_1256,31117.62,59,7,2,46,6.67,1,0,0,3,1,none,1
TXN_100757,CUST_1257,26813.02,3,9,3,43,13.59,1,0,1,48,1,none,1
TXN_100758,CUST_1258,44726.46,11,13,5,8,1.11,0,0,1,3,1,temporary_failure,0
TXN_100759,CUST_1259,39493.28,45,0,2,86,14.67,1,1,0,50,1,insufficient_funds,0
TXN_100760,CUST_1260,7838.24,4,3,3,49,16.8,1,1,0,24,0,temporary_failure,1
TXN_100761,CUST_1261,15792.59,26,3,5,76,8.6,1,0,1,32,0,temporary_failure,0
TXN_100762,CUST_1262,12649.91,27,6,4,59,15.42,1,0,1,13,1,insufficient_funds,0
TXN_100763,CUST_1263,37274.13,46,13,4,14,3.9,1,1,1,23,0,authentication_failure,1
TXN_100764,CUST_1264,1966.56,54,13,0,35,6.78,1,1,1,10,0,none,1
TXN_100765,CUST_1265,28623.52,43,10,3,62,19.5,1,1,1,24,0,none,1
TXN_100766,CUST_1266,38194.2,27,6,3,68,19.73,1,1,1,27,0,network_error,1
TXN_100767,CUST_1267,43875.25,42,12,1,85,10.5,1,1,1,6,1,none,0
TXN_100768,CUST_1268,17301.46,51,10,1,79,18.72,1,0,0,48,1,authentication_failure,0
TXN_100769,CUST_1269,41116.49,50,14,5,40,10.69,1,0,1,35,1,none,1
TXN_100770,CUST_1270,5798.4,6,7,5,73,6.19,1,1,0,9,0,authentication_failure,0
TXN_100771,CUST_1271,42368.68,59,10,1,23,5.7,1,1,1,48,0,insufficient_funds,1
TXN_100772,CUST_1272,6636.19,15,4,5,81,18.63,1,0,1,35,1,none,0
TXN_100773,CUST_1273,20045.18,53,6,2,48,3.86,1,1,1,30,0,bank_declined,1
TXN_100774,CUST_1274,39925.58,30,7,1,17,11.8,0,0,0,18,0,authentication_failure,1
TXN_100775,CUST_1275,7750.9,42,14,3,6,11.33,1,1,1,17,1,bank_declined,1
TXN_100776,CUST_1276,11693.79,37,8,2,3,14.92,0,0,0,48,1,expired_card,1
TXN_100777,CUST_1277,36195.95,58,2,5,89,10.24,1,1,0,5,1,none,1
TXN_100778,CUST_1278,36085.82,37,2,4,68,5.81,1,0,0,27,0,temporary_failure,0
TXN_100779,CUST_1279,32165.04,42,3,0,59,3.8,1,1,0,6,0,none,1
TXN_100780,CUST_1280,34789.24,37,4,1,54,12.61,1,0,1,37,1,temporary_failure,1
TXN_100781,CUST_1281,27273.4,35,9,4,15,14.52,0,1,1,56,0,bank_declined,0
TXN_100782,CUST_1282,12814.41,23,0,5,89,11.61,1,1,1,11,1,temporary_failure,0
TXN_100783,CUST_1283,17481.09,6,14,3,81,14.9,1,0,0,40,0,none,0
TXN_100784,CUST_1284,9325.41,4,14,0,28,3.26,1,0,0,49,1,temporary_failure,1
TXN_100785,CUST_1285,45449.99,18,6,4,22,17.71,1,1,1,33,1,network_error,1
TXN_100786,CUST_1286,29294.57,9,8,0,13,11.86,1,1,1,24,0,insufficient_funds,1
TXN_100787,CUST_1287,20222.32,49,7,1,78,2.97,1,0,1,16,0,temporary_failure,0
TXN_100788,CUST_1288,23261.69,29,14,5,48,9.51,1,0,1,52,1,none,0
TXN_100789,CUST_1289,47379.98,13,14,3,32,16.97,1,0,1,32,1,insufficient_funds,1
TXN_100790,CUST_1290,7921.56,59,4,5,24,18.0,1,0,0,22,0,insufficient_funds,0
TXN_100791,CUST_1291,29435.62,47,13,0,20,5.66,1,1,0,8,1,insufficient_funds,1
TXN_100792,CUST_1292,25442.67,52,13,4,16,14.37,1,1,1,5,0,network_error,1
TXN_100793,CUST_1293,30689.28,17,3,1,22,2.45,1,1,0,1,0,expired_card,0
TXN_100794,CUST_1294,1200.08,45,11,1,56,1.15,1,1,1,37,0,temporary_failure,1
TXN_100795,CUST_1295,43644.56,32,6,5,80,11.43,1,1,0,8,1,insufficient_funds,1
TXN_100796,CUST_1296,46626.28,48,4,4,57,14.05,1,1,1,2,0,bank_declined,0
TXN_100797,CUST_1297,28387.12,22,6,4,13,16.02,1,0,1,15,0,bank_declined,1
TXN_100798,CUST_1298,34923.55,4,11,0,19,7.13,1,1,0,24,1,none,1
TXN_100799,CUST_1299,46148.22,5,0,5,29,0.63,1,1,1,23,0,none,0
TXN_100800,CUST_1300,35449.76,37,0,5,18,9.85,1,0,1,46,0,network_error,0
TXN_100801,CUST_1301,7881.19,41,9,2,52,0.81,1,0,1,28,0,bank_declined,1
TXN_100802,CUST_1302,28941.53,49,13,5,55,2.29,1,0,1,43,1,expired_card,0
TXN_100803,CUST_1303,30453.74,13,12,1,76,6.87,1,0,0,54,0,none,1
TXN_100804,CUST_1304,21379.29,34,2,0,81,9.02,1,1,1,39,1,network_error,1
TXN_100805,CUST_1305,36901.28,45,13,4,22,5.95,1,1,0,25,1,none,1
TXN_100806,CUST_1306,46738.04,22,10,5,61,11.85,1,1,0,37,1,none,0
TXN_100807,CUST_1307,46300.76,53,1,0,32,1.58,1,0,0,34,1,network_error,0
TXN_100808,CUST_1308,22706.72,59,1,5,17,3.32,0,1,0,22,0,bank_declined,0
TXN_100809,CUST_1309,5927.93,23,6,4,72,14.06,1,0,0,3,0,none,0
TXN_100810,CUST_1310,49246.61,51,11,3,32,3.27,0,1,1,58,1,insufficient_funds,1
TXN_100811,CUST_1311,41993.23,3,9,4,31,12.98,1,1,1,41,1,none,0
TXN_100812,CUST_1312,6495.74,42,1,4,60,1.57,1,0,0,13,0,none,0
TXN_100813,CUST_1313,46065.84,34,10,4,53,8.44,1,1,0,52,0,none,0
TXN_100814,CUST_1314,43533.85,32,3,5,16,3.96,1,1,1,55,0,authentication_failure,1
TXN_100815,CUST_1315,26086.25,45,1,2,18,2.64,1,0,0,46,0,insufficient_funds,0
TXN_100816,CUST_1316,29686.39,51,5,4,69,11.56,1,0,0,38,0,temporary_failure,0
TXN_100817,CUST_1317,20130.43,58,7,1,33,18.6,1,1,1,6,0,none,0
TXN_100818,CUST_1318,3021.65,49,9,1,83,1.57,1,0,0,7,0,none,1
TXN_100819,CUST_1319,16959.3,21,3,0,24,8.72,1,1,0,41,0,expired_card,0
TXN_100820,CUST_1320,40201.82,46,14,2,67,14.3,1,1,1,50,0,temporary_failure,1
TXN_100821,CUST_1321,530.21,44,4,0,73,9.52,1,0,1,18,1,none,1
TXN_100822,CUST_1322,16874.91,21,3,1,73,16.23,1,0,0,1,1,none,0
TXN_100823,CUST_1323,20088.98,44,2,1,87,4.0,1,1,1,46,1,bank_declined,0
TXN_100824,CUST_1324,27008.56,11,4,3,84,19.21,1,1,1,0,0,network_error,1
TXN_100825,CUST_1325,46016.82,39,13,4,10,8.01,1,1,0,41,0,none,1
TXN_100826,CUST_1326,17513.4,4,8,1,15,7.16,1,1,0,37,1,none,1
TXN_100827,CUST_1327,17543.57,51,7,5,89,17.55,1,1,0,53,1,none,1
TXN_100828,CUST_1328,36953.81,1,7,5,60,11.5,1,0,0,12,0,temporary_failure,1
TXN_100829,CUST_1329,22775.23,28,7,0,79,10.57,1,1,0,41,0,network_error,1
TXN_100830,CUST_1330,11462.86,24,11,0,6,14.68,1,1,0,43,0,expired_card,1
TXN_100831,CUST_1331,22786.24,35,7,4,15,11.81,1,1,0,23,0,none,0
TXN_100832,CUST_1332,7300.59,13,6,4,15,3.67,1,1,1,31,0,none,0
TXN_100833,CUST_1333,9066.43,47,7,3,39,13.65,1,1,1,29,1,none,1
TXN_100834,CUST_1334,25068.88,34,10,2,11,3.1,1,1,1,5,0,authentication_failure,1
TXN_100835,CUST_1335,21120.59,11,13,0,34,16.21,1,0,1,37,1,none,1
TXN_100836,CUST_1336,45767.84,36,7,4,20,19.8,1,1,1,32,1,bank_declined,0
TXN_100837,CUST_1337,18310.98,51,12,0,49,7.86,1,0,1,43,1,bank_declined,1
TXN_100838,CUST_1338,29155.24,17,13,4,42,9.17,1,0,0,54,1,insufficient_funds,0
TXN_100839,CUST_1339,31723.54,35,7,1,16,1.41,1,1,0,22,1,none,1
TXN_100840,CUST_1340,950.79,18,11,0,31,0.77,1,0,1,9,0,none,0
TXN_100841,CUST_1341,33277.81,40,9,1,40,18.47,1,1,0,56,1,insufficient_funds,1
TXN_100842,CUST_1342,9148.39,22,6,0,5,3.01,1,1,0,45,1,temporary_failure,1
TXN_100843,CUST_1343,48065.19,57,11,2,87,9.19,1,0,1,14,0,none,0
TXN_100844,CUST_1344,7688.54,24,0,3,26,16.4,1,1,1,59,1,network_error,1
TXN_100845,CUST_1345,20906.82,58,3,5,19,17.84,1,1,1,22,1,none,1
TXN_100846,CUST_1346,4541.88,19,12,5,24,10.63,1,1,0,55,1,insufficient_funds,0
TXN_100847,CUST_1347,49844.65,37,12,5,65,11.52,1,1,0,35,0,temporary_failure,1
TXN_100848,CUST_1348,25259.09,39,3,1,8,13.56,1,1,1,56,0,authentication_failure,0
TXN_100849,CUST_1349,29890.64,21,4,4,52,19.25,0,0,0,0,0,temporary_failure,1
TXN_100850,CUST_1350,3633.7,8,9,5,60,12.25,0,0,0,7,0,insufficient_funds,0
TXN_100851,CUST_1351,37573.04,28,5,2,37,11.41,1,1,1,2,0,temporary_failure,1
TXN_100852,CUST_1352,10732.31,5,3,5,2,0.78,1,1,1,13,0,insufficient_funds,0
TXN_100853,CUST_1353,44933.3,17,14,0,83,2.08,0,0,1,16,1,temporary_failure,1
TXN_100854,CUST_1354,10495.44,37,1,1,69,11.75,1,1,1,33,0,none,1
TXN_100855,CUST_1355,9777.18,36,5,0,54,18.76,1,1,0,46,0,insufficient_funds,0
TXN_100856,CUST_1356,2116.52,54,14,0,0,17.4,1,1,0,5,0,bank_declined,1
TXN_100857,CUST_1357,23761.73,19,7,0,69,19.66,1,1,0,4,0,none,1
TXN_100858,CUST_1358,28372.6,27,14,3,44,10.79,1,1,1,45,0,expired_card,0
TXN_100859,CUST_1359,3565.72,53,7,3,46,15.86,0,1,1,50,0,network_error,0
TXN_100860,CUST_1360,38843.72,34,6,4,78,16.89,1,1,0,40,0,expired_card,0
TXN_100861,CUST_1361,22828.46,11,5,1,25,13.14,1,1,1,39,0,none,0
TXN_100862,CUST_1362,26362.2,54,1,2,13,7.11,1,1,0,28,0,none,0
TXN_100863,CUST_1363,22205.91,45,14,2,53,9.66,1,1,1,34,0,network_error,1
TXN_100864,CUST_1364,20217.92,47,6,2,70,17.23,1,1,1,17,0,none,1
TXN_100865,CUST_1365,28114.12,12,10,0,45,6.32,1,0,0,39,0,network_error,0
TXN_100866,CUST_1366,8015.44,54,11,3,30,18.51,1,0,0,47,0,insufficient_funds,0
TXN_100867,CUST_1367,9341.83,21,13,1,87,4.98,1,1,0,29,1,none,0
TXN_100868,CUST_1368,43130.75,54,13,0,58,15.12,1,0,0,14,1,network_error,1
TXN_100869,CUST_1369,47321.94,11,4,3,28,12.8,1,0,0,52,0,none,0
TXN_100870,CUST_1370,18853.47,39,5,3,16,15.12,0,0,1,14,0,temporary_failure,1
TXN_100871,CUST_1371,13756.01,28,9,5,13,9.03,1,1,0,15,1,bank_declined,0
TXN_100872,CUST_1372,32306.78,5,7,5,35,18.69,1,0,1,56,0,none,1
TXN_100873,CUST_1373,20614.09,17,13,1,57,12.83,1,0,0,32,1,insufficient_funds,1
TXN_100874,CUST_1374,1561.7,56,7,1,23,6.12,0,1,0,9,1,none,1
TXN_100875,CUST_1375,8060.78,20,2,1,62,12.95,1,1,0,18,1,none,1
TXN_100876,CUST_1376,35883.82,41,11,0,24,6.09,0,1,1,36,1,none,1
TXN_100877,CUST_1377,33048.52,46,11,4,58,6.23,0,0,0,49,1,network_error,0
TXN_100878,CUST_1378,1646.67,58,13,1,31,8.29,1,1,1,2,1,network_error,1
TXN_100879,CUST_1379,11332.02,12,6,5,81,17.12,1,1,1,35,1,none,0
TXN_100880,CUST_1380,11784.42,6,0,4,17,10.26,0,1,1,3,1,none,1
TXN_100881,CUST_1381,33693.07,17,0,0,36,13.74,0,0,1,10,1,network_error,1
TXN_100882,CUST_1382,1279.61,51,6,4,25,8.14,0,1,0,40,0,none,0
TXN_100883,CUST_1383,5474.2,19,14,2,8,5.64,1,1,1,32,0,expired_card,0
TXN_100884,CUST_1384,40055.83,26,14,4,63,19.12,1,1,1,27,1,none,1
TXN_100885,CUST_1385,9173.67,48,9,1,71,12.27,0,1,1,31,0,temporary_failure,1
TXN_100886,CUST_1386,32741.48,44,8,0,19,18.71,1,1,0,56,1,temporary_failure,1
TXN_100887,CUST_1387,12137.68,44,6,1,53,4.47,1,1,1,15,1,authentication_failure,1
TXN_100888,CUST_1388,5242.24,52,9,5,85,3.36,1,1,0,8,1,bank_declined,1
TXN_100889,CUST_1389,12385.66,32,4,2,82,17.19,1,0,0,10,1,none,0
TXN_100890,CUST_1390,36196.67,6,7,5,29,13.78,1,1,1,5,1,temporary_failure,1
TXN_100891,CUST_1391,42828.11,55,1,1,52,4.14,1,1,1,58,0,none,0
TXN_100892,CUST_1392,41561.93,58,8,1,62,5.75,1,1,1,48,1,bank_declined,1
TXN_100893,CUST_1393,20040.02,36,5,1,10,16.11,1,0,1,26,0,bank_declined,0
TXN_100894,CUST_1394,33503.83,38,12,3,30,9.35,1,0,0,11,0,insufficient_funds,0
TXN_100895,CUST_1395,10487.72,11,8,2,48,13.58,1,1,0,21,0,network_error,1
TXN_100896,CUST_1396,14869.44,33,1,1,86,6.71,1,1,1,39,0,temporary_failure,1
TXN_100897,CUST_1397,44847.89,24,2,1,18,7.93,1,1,0,47,0,temporary_failure,1
TXN_100898,CUST_1398,946.2,23,11,5,11,19.82,1,1,1,36,0,none,1
TXN_100899,CUST_1399,4549.77,15,7,5,14,5.33,1,0,0,20,1,insufficient_funds,1
TXN_100900,CUST_1400,10631.95,27,0,1,30,10.38,1,1,0,32,1,insufficient_funds,1
TXN_100901,CUST_1401,1618.65,11,14,0,42,16.97,0,1,1,16,0,none,1
TXN_100902,CUST_1402,9317.34,57,9,3,36,5.16,1,1,0,55,0,temporary_failure,1
TXN_100903,CUST_1403,29277.17,51,14,5,78,8.6,1,0,1,28,1,bank_declined,0
TXN_100904,CUST_1404,21244.8,50,14,0,28,12.49,0,1,1,52,1,temporary_failure,1
TXN_100905,CUST_1405,44665.78,17,14,3,25,9.88,0,1,0,39,1,bank_declined,1
TXN_100906,CUST_1406,40926.95,51,6,1,1,9.46,1,1,1,9,0,expired_card,1
TXN_100907,CUST_1407,17288.32,53,6,2,83,7.57,1,1,0,17,1,temporary_failure,0
TXN_100908,CUST_1408,13193.34,14,12,4,14,11.94,1,0,1,46,0,none,1
TXN_100909,CUST_1409,19170.71,27,0,4,3,12.68,0,0,0,51,1,none,0
TXN_100910,CUST_1410,29637.66,18,8,1,85,13.24,1,1,0,12,0,temporary_failure,1
TXN_100911,CUST_1411,13622.76,28,7,5,49,1.87,1,1,1,26,0,none,0
TXN_100912,CUST_1412,31320.2,51,3,0,37,12.81,1,0,1,9,0,insufficient_funds,0
TXN_100913,CUST_1413,20647.76,47,9,2,22,19.09,1,1,0,31,0,temporary_failure,1
TXN_100914,CUST_1414,27736.74,47,10,3,58,11.05,1,1,1,40,0,temporary_failure,0
TXN_100915,CUST_1415,21975.49,4,4,1,89,14.45,1,1,1,44,1,bank_declined,0
TXN_100916,CUST_1416,14934.95,7,1,2,74,11.36,1,0,0,2,1,network_error,1
TXN_100917,CUST_1417,47438.13,45,12,2,27,17.17,1,1,0,21,0,bank_declined,1
TXN_100918,CUST_1418,38251.21,35,8,5,65,18.63,1,0,1,26,0,none,1
TXN_100919,CUST_1419,7263.62,48,14,3,7,4.09,1,0,0,54,0,expired_card,1
TXN_100920,CUST_1420,43462.86,9,11,2,28,9.02,1,0,0,2,1,bank_declined,1
TXN_100921,CUST_1421,24525.33,8,11,5,10,8.15,1,1,1,32,0,none,1
TXN_100922,CUST_1422,44759.25,52,5,0,17,8.4,0,0,0,1,0,none,0
TXN_100923,CUST_1423,40052.81,45,2,5,54,2.95,1,1,1,10,0,temporary_failure,0
TXN_100924,CUST_1424,21433.11,17,11,0,49,16.37,1,1,1,45,1,bank_declined,1
TXN_100925,CUST_1425,1416.72,17,6,0,13,1.2,1,1,1,9,0,authentication_failure,0
TXN_100926,CUST_1426,13653.26,49,8,2,73,10.8,1,1,1,38,0,authentication_failure,0
TXN_100927,CUST_1427,27219.22,33,2,5,8,13.41,0,1,0,54,1,network_error,1
TXN_100928,CUST_1428,31783.87,32,1,0,10,4.55,1,1,0,59,1,bank_declined,1
TXN_100929,CUST_1429,13117.02,8,6,3,62,18.16,1,1,0,32,1,expired_card,0
TXN_100930,CUST_1430,7226.0,19,6,2,75,16.85,1,1,1,57,0,network_error,0
TXN_100931,CUST_1431,41796.03,38,3,5,66,9.69,1,0,0,6,0,network_error,0
TXN_100932,CUST_1432,49224.79,3,10,5,52,8.52,1,0,0,14,1,temporary_failure,1
TXN_100933,CUST_1433,26426.8,59,8,4,38,5.11,1,1,1,25,1,authentication_failure,0
TXN_100934,CUST_1434,8832.46,5,13,5,77,14.73,1,1,1,10,0,bank_declined,1
TXN_100935,CUST_1435,13833.67,13,7,2,55,3.07,1,1,0,37,0,authentication_failure,0
TXN_100936,CUST_1436,1214.02,47,12,3,27,13.76,1,1,0,26,0,none,1
TXN_100937,CUST_1437,45740.65,46,12,5,74,16.93,1,1,1,53,0,authentication_failure,0
TXN_100938,CUST_1438,6152.23,31,0,4,38,4.96,1,1,1,38,1,temporary_failure,0
TXN_100939,CUST_1439,28952.87,55,0,2,24,17.4,0,0,0,6,1,bank_declined,0
TXN_100940,CUST_1440,13920.54,16,4,0,20,1.15,1,1,0,0,0,none,1
TXN_100941,CUST_1441,27842.65,50,5,1,9,18.3,0,1,1,9,0,none,0
TXN_100942,CUST_1442,32675.59,32,2,1,42,2.81,0,1,1,20,1,authentication_failure,0
TXN_100943,CUST_1443,41538.17,22,12,0,14,13.09,1,1,1,14,0,insufficient_funds,1
TXN_100944,CUST_1444,10559.14,29,8,5,82,5.38,1,1,0,29,1,authentication_failure,0
TXN_100945,CUST_1445,846.49,22,11,1,47,16.81,1,1,0,29,1,network_error,1
TXN_100946,CUST_1446,7103.22,43,9,1,85,10.49,1,1,1,7,1,none,0
TXN_100947,CUST_1447,45030.93,3,13,0,20,3.14,1,1,0,23,0,network_error,1
TXN_100948,CUST_1448,43732.34,54,14,5,59,11.63,1,1,0,18,0,expired_card,0
TXN_100949,CUST_1449,29991.43,10,5,5,49,8.45,1,1,0,2,0,authentication_failure,0
TXN_100950,CUST_1450,30145.69,42,3,0,22,13.4,1,1,1,54,0,bank_declined,0
TXN_100951,CUST_1451,33352.32,21,11,5,12,17.7,1,0,1,14,0,none,1
TXN_100952,CUST_1452,9015.95,16,6,5,68,8.48,1,1,1,35,1,authentication_failure,0
TXN_100953,CUST_1453,45746.27,12,7,2,3,6.15,1,1,1,5,1,none,1
TXN_100954,CUST_1454,21112.9,2,8,2,77,0.78,1,1,1,56,1,authentication_failure,1
TXN_100955,CUST_1455,19341.98,41,12,0,71,11.71,1,1,1,41,0,temporary_failure,1
TXN_100956,CUST_1456,26090.21,24,10,3,8,8.34,1,1,0,49,1,expired_card,1
TXN_100957,CUST_1457,2634.21,35,5,1,34,7.81,1,1,0,47,1,temporary_failure,1
TXN_100958,CUST_1458,8564.28,56,14,2,20,4.07,1,1,1,17,0,insufficient_funds,1
TXN_100959,CUST_1459,36980.27,30,5,1,57,8.89,1,1,0,37,1,bank_declined,1
TXN_100960,CUST_1460,4415.09,57,7,4,17,19.7,0,1,1,18,0,none,0
TXN_100961,CUST_1461,30276.66,30,11,0,71,6.31,1,1,0,48,0,authentication_failure,0
TXN_100962,CUST_1462,12493.85,47,4,3,80,12.19,1,1,0,49,0,temporary_failure,1
TXN_100963,CUST_1463,19647.99,35,13,4,42,15.64,1,1,1,29,1,network_error,1
TXN_100964,CUST_1464,14648.08,19,2,4,5,15.11,1,1,1,12,1,bank_declined,1
TXN_100965,CUST_1465,17976.93,50,11,5,85,6.91,1,1,1,38,0,none,0
TXN_100966,CUST_1466,36036.58,8,2,4,77,12.41,1,0,1,51,0,authentication_failure,0
TXN_100967,CUST_1467,15066.95,26,12,0,66,17.49,1,0,0,11,0,expired_card,0
TXN_100968,CUST_1468,28450.31,49,5,2,11,0.8,1,0,0,33,0,insufficient_funds,1
TXN_100969,CUST_1469,23959.7,40,1,0,11,9.0,1,1,1,58,0,none,0
TXN_100970,CUST_1470,33284.46,7,5,2,65,4.87,1,0,0,11,0,expired_card,0
TXN_100971,CUST_1471,46860.44,30,12,4,1,8.08,1,0,0,43,0,none,0
TXN_100972,CUST_1472,36708.83,7,5,4,14,8.61,1,0,0,23,1,temporary_failure,0
TXN_100973,CUST_1473,10982.54,3,7,3,22,15.06,1,1,0,3,0,bank_declined,1
TXN_100974,CUST_1474,1849.8,1,6,2,28,2.33,1,0,1,35,1,expired_card,1
TXN_100975,CUST_1475,13334.52,36,7,4,80,10.5,1,1,1,49,0,temporary_failure,1
TXN_100976,CUST_1476,29875.37,25,13,5,6,11.5,1,0,1,47,0,bank_declined,1
TXN_100977,CUST_1477,2855.86,37,8,1,27,10.14,1,1,1,13,0,none,0
TXN_100978,CUST_1478,24969.4,1,5,3,13,14.77,1,1,0,16,0,bank_declined,0
TXN_100979,CUST_1479,29963.09,15,13,0,43,7.98,1,1,1,48,0,none,1
TXN_100980,CUST_1480,16911.92,37,2,3,29,18.93,1,1,0,2,1,temporary_failure,1
TXN_100981,CUST_1481,38614.34,13,9,1,80,9.9,1,1,0,37,1,expired_card,0
TXN_100982,CUST_1482,5597.93,40,2,2,31,11.64,1,1,0,22,0,network_error,0
TXN_100983,CUST_1483,4034.35,8,10,0,69,16.6,1,1,0,12,0,authentication_failure,1
TXN_100984,CUST_1484,36490.98,5,11,0,87,5.87,1,1,1,8,1,none,0
TXN_100985,CUST_1485,24925.92,9,0,2,5,1.97,1,0,1,20,0,temporary_failure,1
TXN_100986,CUST_1486,34513.6,1,10,3,26,14.3,1,1,1,40,1,none,1
TXN_100987,CUST_1487,21910.92,36,14,4,81,9.92,1,0,1,7,1,expired_card,0
TXN_100988,CUST_1488,12546.18,35,12,3,87,17.98,1,1,0,16,1,insufficient_funds,0
TXN_100989,CUST_1489,41009.39,2,14,1,23,19.66,1,1,0,15,0,none,1
TXN_100990,CUST_1490,40030.97,40,4,5,33,8.28,1,1,0,15,0,bank_declined,1
TXN_100991,CUST_1491,34826.41,23,13,4,39,8.6,1,1,0,58,0,none,1
TXN_100992,CUST_1492,13825.61,9,3,3,46,8.46,1,1,0,27,1,bank_declined,0
TXN_100993,CUST_1493,29634.46,34,8,5,78,6.83,1,1,0,50,1,none,0
TXN_100994,CUST_1494,18240.4,46,14,5,74,15.74,1,1,1,55,1,network_error,1
TXN_100995,CUST_1495,4851.63,14,8,2,85,15.3,1,0,1,15,1,temporary_failure,1
TXN_100996,CUST_1496,45890.48,4,14,1,23,9.83,1,1,1,56,1,network_error,1
TXN_100997,CUST_1497,7099.89,30,13,1,64,1.37,1,1,1,45,1,insufficient_funds,1
TXN_100998,CUST_1498,47526.8,31,4,1,17,6.54,1,1,1,51,1,bank_declined,0
TXN_100999,CUST_1499,22466.49,38,9,4,43,6.2,1,1,1,45,1,temporary_failure,0
TXN_101000,CUST_1000,9501.11,11,3,0,75,16.32,1,0,1,13,0,temporary_failure,0
TXN_101001,CUST_1001,27232.48,35,6,4,56,2.21,1,0,0,45,0,insufficient_funds,0
TXN_101002,CUST_1002,43685.41,8,14,3,27,16.21,1,1,1,43,1,network_error,1
TXN_101003,CUST_1003,36691.58,3,5,5,70,13.55,0,1,1,37,0,authentication_failure,1
TXN_101004,CUST_1004,40386.09,14,3,5,22,14.78,1,1,0,19,0,authentication_failure,0
TXN_101005,CUST_1005,33041.53,13,12,0,84,8.93,1,1,0,44,1,insufficient_funds,0
TXN_101006,CUST_1006,34706.15,45,12,3,33,13.75,1,1,0,47,1,expired_card,1
TXN_101007,CUST_1007,42505.02,32,14,0,10,12.38,1,0,1,40,1,expired_card,1
TXN_101008,CUST_1008,12708.5,34,9,5,85,15.5,1,0,1,33,0,bank_declined,0
TXN_101009,CUST_1009,24624.42,45,1,4,34,9.21,1,0,0,53,1,none,0
TXN_101010,CUST_1010,11294.11,19,0,1,41,9.72,1,1,0,58,0,network_error,1
TXN_101011,CUST_1011,49387.1,59,3,5,27,13.05,1,0,1,28,1,expired_card,0
TXN_101012,CUST_1012,47219.75,38,3,2,81,2.61,1,1,0,2,0,insufficient_funds,1
TXN_101013,CUST_1013,2259.51,16,12,1,77,9.01,1,1,0,9,1,temporary_failure,1
TXN_101014,CUST_1014,35367.09,2,0,5,81,19.45,0,0,0,19,1,none,0
TXN_101015,CUST_1015,46284.84,40,5,4,23,1.23,1,0,1,1,0,none,1
TXN_101016,CUST_1016,9274.59,17,3,0,7,6.66,1,0,1,26,1,temporary_failure,1
TXN_101017,CUST_1017,28526.88,55,0,1,52,6.63,1,1,0,31,1,bank_declined,1
TXN_101018,CUST_1018,45799.77,34,0,4,71,12.85,1,1,1,55,0,expired_card,0
TXN_101019,CUST_1019,1987.12,42,14,3,3,2.56,1,0,1,9,0,expired_card,1
TXN_101020,CUST_1020,34961.79,16,12,2,4,12.76,1,1,0,39,0,none,1
TXN_101021,CUST_1021,15078.25,38,0,1,48,2.35,1,1,1,16,0,temporary_failure,1
TXN_101022,CUST_1022,46242.49,2,7,0,29,2.35,1,1,0,57,1,bank_declined,1
TXN_101023,CUST_1023,48561.59,2,9,3,71,14.7,1,1,1,53,1,temporary_failure,1
TXN_101024,CUST_1024,47230.04,26,7,4,62,6.82,1,1,0,32,0,bank_declined,0
TXN_101025,CUST_1025,23868.45,13,1,2,46,19.56,1,1,1,5,0,temporary_failure,1
TXN_101026,CUST_1026,43143.52,56,10,0,25,1.23,1,1,0,38,0,none,1
TXN_101027,CUST_1027,42274.11,47,12,4,56,9.18,1,1,1,46,0,authentication_failure,1
TXN_101028,CUST_1028,16159.29,31,6,4,36,2.71,1,1,0,17,0,none,0
TXN_101029,CUST_1029,41497.1,34,13,1,6,7.35,1,1,1,8,0,temporary_failure,1
TXN_101030,CUST_1030,2139.28,39,7,1,39,19.97,0,1,0,7,0,insufficient_funds,0
TXN_101031,CUST_1031,29934.61,3,7,0,38,17.83,1,1,1,24,1,insufficient_funds,1
TXN_101032,CUST_1032,11731.44,8,10,5,61,1.44,1,1,1,30,1,bank_declined,0
TXN_101033,CUST_1033,6292.17,23,9,5,77,11.48,1,0,0,41,0,none,0
TXN_101034,CUST_1034,4124.57,14,14,4,52,13.13,0,0,1,3,1,bank_declined,1
TXN_101035,CUST_1035,34905.55,56,10,1,3,4.59,1,0,0,19,1,insufficient_funds,1
TXN_101036,CUST_1036,17191.79,55,12,2,81,3.33,0,1,1,27,1,temporary_failure,1
TXN_101037,CUST_1037,36320.91,27,6,2,24,18.14,0,1,1,39,0,temporary_failure,1
TXN_101038,CUST_1038,3548.21,54,4,4,6,19.39,1,0,0,0,1,none,1
TXN_101039,CUST_1039,15969.93,29,0,1,27,19.84,1,0,1,39,1,bank_declined,1
TXN_101040,CUST_1040,27112.72,39,11,0,68,15.9,1,0,0,54,0,expired_card,0
TXN_101041,CUST_1041,39598.94,53,8,0,66,13.44,1,0,0,43,0,expired_card,0
TXN_101042,CUST_1042,16142.0,39,12,0,19,7.24,1,0,1,22,1,temporary_failure,1
TXN_101043,CUST_1043,31406.8,1,6,2,82,3.84,1,1,1,56,1,temporary_failure,1
TXN_101044,CUST_1044,44333.09,17,1,1,10,2.04,1,0,0,46,1,none,1
TXN_101045,CUST_1045,30908.4,41,5,1,66,14.02,1,0,0,12,1,expired_card,0
TXN_101046,CUST_1046,11878.09,30,1,2,86,15.8,1,1,1,15,1,bank_declined,0
TXN_101047,CUST_1047,1512.72,53,14,0,6,16.62,1,1,0,25,0,temporary_failure,1
TXN_101048,CUST_1048,43543.91,13,0,0,22,18.32,1,0,1,54,0,temporary_failure,1
TXN_101049,CUST_1049,1357.09,21,13,4,60,17.66,1,0,1,30,1,insufficient_funds,1
TXN_101050,CUST_1050,43772.67,19,6,5,70,19.99,1,1,0,49,0,temporary_failure,0
TXN_101051,CUST_1051,26588.18,53,12,3,33,5.26,1,1,0,0,0,insufficient_funds,0
TXN_101052,CUST_1052,46971.66,19,1,5,18,15.38,1,0,1,16,1,bank_declined,0
TXN_101053,CUST_1053,39999.53,57,12,1,57,11.94,1,0,0,15,1,temporary_failure,1
TXN_101054,CUST_1054,49897.33,25,13,1,8,5.59,1,0,1,54,0,temporary_failure,1
TXN_101055,CUST_1055,17730.38,22,13,1,47,19.65,1,1,1,36,0,none,1
TXN_101056,CUST_1056,38429.26,31,1,5,81,18.01,0,1,1,51,0,network_error,1
TXN_101057,CUST_1057,20275.97,17,12,3,40,3.01,1,1,0,52,0,none,1
TXN_101058,CUST_1058,24149.82,55,10,4,47,1.01,1,1,0,9,1,bank_declined,0
TXN_101059,CUST_1059,31487.02,23,4,5,44,13.92,1,1,1,57,0,expired_card,0
TXN_101060,CUST_1060,43721.75,32,13,3,24,12.28,1,1,1,37,1,insufficient_funds,0
TXN_101061,CUST_1061,49208.95,10,4,0,77,18.75,1,1,1,43,1,network_error,0
TXN_101062,CUST_1062,38483.19,10,6,0,24,5.06,1,0,0,30,1,temporary_failure,1
TXN_101063,CUST_1063,21063.01,36,0,1,18,2.15,1,1,1,9,0,temporary_failure,1
TXN_101064,CUST_1064,21241.44,8,7,2,38,5.55,1,1,0,53,0,none,1
TXN_101065,CUST_1065,36957.84,54,2,1,78,0.87,1,1,1,48,0,network_error,0
TXN_101066,CUST_1066,12167.22,52,3,2,79,1.2,1,1,1,33,0,none,0
TXN_101067,CUST_1067,5790.56,20,14,3,26,18.34,1,1,1,50,1,bank_declined,1
TXN_101068,CUST_1068,17924.72,32,8,0,73,7.36,1,1,0,51,0,bank_declined,0
TXN_101069,CUST_1069,14575.78,50,3,5,62,8.51,1,0,1,5,1,bank_declined,0
TXN_101070,CUST_1070,15026.51,14,9,2,67,0.86,1,1,0,27,0,expired_card,0
TXN_101071,CUST_1071,11910.31,50,11,3,18,5.78,1,1,1,27,0,network_error,1
TXN_101072,CUST_1072,2392.03,28,14,0,27,16.19,1,1,0,58,1,none,1
TXN_101073,CUST_1073,1188.33,46,4,5,84,12.5,1,0,0,12,0,temporary_failure,1
TXN_101074,CUST_1074,49389.8,52,6,2,77,15.2,1,0,0,40,0,expired_card,0
TXN_101075,CUST_1075,21560.32,53,3,1,32,9.22,1,1,1,11,0,bank_declined,1
TXN_101076,CUST_1076,19401.03,24,13,1,9,6.54,1,1,1,49,0,insufficient_funds,1
TXN_101077,CUST_1077,34078.47,15,0,1,82,9.91,1,1,1,39,1,authentication_failure,0
TXN_101078,CUST_1078,11147.22,22,8,3,29,6.8,1,1,1,56,0,authentication_failure,0
TXN_101079,CUST_1079,47513.07,30,3,1,21,16.86,1,1,1,49,0,temporary_failure,0
TXN_101080,CUST_1080,39381.35,4,8,4,2,6.3,1,1,0,56,0,insufficient_funds,1
TXN_101081,CUST_1081,4743.73,13,5,0,81,13.37,1,0,1,54,1,bank_declined,1
TXN_101082,CUST_1082,21053.76,59,14,3,74,3.17,0,0,1,56,0,bank_declined,1
TXN_101083,CUST_1083,43992.18,23,0,5,47,13.89,1,1,0,53,0,bank_declined,0
TXN_101084,CUST_1084,47253.18,8,11,1,1,18.31,1,1,0,1,0,temporary_failure,1
TXN_101085,CUST_1085,23529.86,18,2,0,75,12.37,1,1,0,7,0,temporary_failure,1
TXN_101086,CUST_1086,30786.55,12,10,2,53,11.42,1,1,0,41,0,none,1
TXN_101087,CUST_1087,8601.59,55,1,1,5,19.24,1,0,0,8,0,none,0
TXN_101088,CUST_1088,49561.08,31,8,0,39,12.73,1,1,0,59,0,authentication_failure,1
TXN_101089,CUST_1089,11814.08,14,14,4,1,5.56,1,1,1,55,0,none,0
TXN_101090,CUST_1090,47153.77,34,11,2,72,6.2,1,1,0,49,0,expired_card,1
TXN_101091,CUST_1091,32587.44,18,0,4,1,14.25,1,0,0,7,1,temporary_failure,1
TXN_101092,CUST_1092,30504.52,56,12,5,73,14.84,1,1,1,50,1,temporary_failure,1
TXN_101093,CUST_1093,25780.62,34,13,0,54,6.42,1,1,1,2,0,none,1
TXN_101094,CUST_1094,11764.29,11,8,4,71,7.23,1,1,0,8,0,network_error,1
TXN_101095,CUST_1095,9073.44,41,8,5,59,19.83,1,1,1,12,1,none,1
TXN_101096,CUST_1096,11258.16,12,7,0,5,2.49,1,0,0,8,1,none,1
TXN_101097,CUST_1097,9565.98,49,7,0,18,8.39,1,0,0,30,0,bank_declined,0
TXN_101098,CUST_1098,39045.35,15,10,4,26,1.72,1,0,0,24,1,temporary_failure,1
TXN_101099,CUST_1099,17701.23,57,13,0,0,16.51,1,1,1,51,0,insufficient_funds,1
TXN_101100,CUST_1100,3174.78,31,11,1,32,2.3,1,1,1,43,0,temporary_failure,1
TXN_101101,CUST_1101,48464.4,49,0,0,39,13.64,0,1,1,54,1,insufficient_funds,0
TXN_101102,CUST_1102,44224.16,58,10,3,31,1.6,1,0,1,44,1,bank_declined,0
TXN_101103,CUST_1103,46409.29,29,7,5,68,13.62,1,1,1,7,1,temporary_failure,1
TXN_101104,CUST_1104,49746.92,26,9,0,16,16.94,1,1,1,46,0,temporary_failure,0
TXN_101105,CUST_1105,8942.59,18,13,3,7,8.28,1,0,1,30,0,bank_declined,0
TXN_101106,CUST_1106,19993.23,32,2,0,56,10.68,0,1,0,44,1,bank_declined,1
TXN_101107,CUST_1107,37984.45,22,10,0,41,8.33,1,0,0,52,0,authentication_failure,1
TXN_101108,CUST_1108,34892.22,38,6,4,8,6.36,1,0,1,44,0,bank_declined,0
TXN_101109,CUST_1109,7948.63,17,10,1,86,16.16,1,0,1,30,0,network_error,1
TXN_101110,CUST_1110,40846.91,23,14,5,34,5.8,1,1,1,16,0,none,1
TXN_101111,CUST_1111,11454.7,24,0,1,70,14.6,1,1,0,46,0,temporary_failure,1
TXN_101112,CUST_1112,11423.74,50,0,2,78,4.52,1,0,1,56,1,temporary_failure,0
TXN_101113,CUST_1113,26987.63,8,9,4,52,5.37,1,1,1,53,1,none,0
TXN_101114,CUST_1114,29769.11,41,12,4,53,7.06,1,1,0,18,0,authentication_failure,1
TXN_101115,CUST_1115,29130.28,6,4,1,83,11.99,1,1,1,2,1,none,1
TXN_101116,CUST_1116,4846.9,5,4,4,24,9.36,0,0,1,45,0,insufficient_funds,0
TXN_101117,CUST_1117,43909.8,44,7,1,66,15.03,0,1,1,29,1,none,0
TXN_101118,CUST_1118,13500.32,57,6,4,61,4.66,1,1,1,9,0,none,1
TXN_101119,CUST_1119,6736.89,29,7,0,54,0.71,1,0,0,48,1,network_error,1
TXN_101120,CUST_1120,44470.78,28,5,1,45,15.64,1,1,1,28,1,temporary_failure,0
TXN_101121,CUST_1121,47795.88,11,5,1,23,16.52,1,1,1,39,0,none,0
TXN_101122,CUST_1122,43147.74,57,1,3,45,1.66,1,0,1,17,0,none,0
TXN_101123,CUST_1123,40532.95,1,5,4,21,12.41,1,1,1,11,1,none,0
TXN_101124,CUST_1124,32865.53,43,4,4,10,7.88,1,0,0,48,0,temporary_failure,0
TXN_101125,CUST_1125,27677.61,19,12,1,47,15.98,1,1,0,22,1,none,1
TXN_101126,CUST_1126,4623.24,9,2,0,7,17.55,1,0,0,10,1,temporary_failure,0
TXN_101127,CUST_1127,20600.12,27,5,0,38,17.09,1,0,0,8,0,insufficient_funds,0
TXN_101128,CUST_1128,18822.62,34,7,5,34,15.66,1,0,1,53,1,network_error,1
TXN_101129,CUST_1129,13209.76,44,8,0,48,5.75,1,1,1,55,1,insufficient_funds,0
TXN_101130,CUST_1130,36253.98,4,0,4,45,16.33,1,1,0,23,1,expired_card,0
TXN_101131,CUST_1131,24945.02,36,2,3,37,10.9,1,0,0,24,0,network_error,1
TXN_101132,CUST_1132,4328.0,18,2,1,7,1.53,1,0,0,54,0,temporary_failure,0
TXN_101133,CUST_1133,11243.11,15,10,2,53,9.41,1,1,0,24,0,expired_card,0
TXN_101134,CUST_1134,34257.96,51,7,3,36,18.87,0,1,1,46,1,none,1
TXN_101135,CUST_1135,4083.7,13,0,2,39,17.81,1,1,1,8,1,temporary_failure,0
TXN_101136,CUST_1136,42604.98,19,4,3,33,2.49,1,0,1,11,1,network_error,1
TXN_101137,CUST_1137,24908.78,49,2,0,78,15.01,1,1,0,10,0,bank_declined,0
TXN_101138,CUST_1138,24185.15,6,1,4,16,16.21,1,1,1,48,0,authentication_failure,0
TXN_101139,CUST_1139,29742.67,48,14,2,32,5.79,1,1,0,37,1,insufficient_funds,0
TXN_101140,CUST_1140,41286.64,56,7,3,46,9.7,0,1,1,27,1,bank_declined,0
TXN_101141,CUST_1141,17586.12,12,2,4,51,14.36,1,0,1,7,1,temporary_failure,1
TXN_101142,CUST_1142,33997.4,51,6,2,79,9.06,1,0,1,9,1,none,0
TXN_101143,CUST_1143,28416.88,37,11,1,8,2.7,1,1,0,24,1,network_error,1
TXN_101144,CUST_1144,13571.31,17,10,3,32,14.26,1,1,0,46,1,authentication_failure,1
TXN_101145,CUST_1145,43967.91,58,0,1,59,18.28,1,1,1,35,1,bank_declined,0
TXN_101146,CUST_1146,39932.07,23,5,0,76,13.22,1,1,0,49,0,network_error,1
TXN_101147,CUST_1147,33025.06,26,2,1,20,15.59,1,1,0,42,1,bank_declined,0
TXN_101148,CUST_1148,42573.91,29,7,1,57,7.49,1,1,1,8,1,bank_declined,1
TXN_101149,CUST_1149,43404.52,33,5,5,84,4.07,1,1,1,40,0,authentication_failure,0
TXN_101150,CUST_1150,35505.64,27,11,3,68,13.03,1,0,1,59,0,insufficient_funds,1
TXN_101151,CUST_1151,41899.56,25,1,0,9,6.89,1,0,0,7,0,insufficient_funds,1
TXN_101152,CUST_1152,34964.33,56,5,1,5,17.27,1,1,1,2,0,network_error,1
TXN_101153,CUST_1153,34103.0,55,6,4,12,2.89,1,0,0,52,0,none,1
TXN_101154,CUST_1154,31044.99,10,4,2,64,8.95,1,0,1,17,0,temporary_failure,0
TXN_101155,CUST_1155,37710.02,47,2,1,19,8.24,1,0,0,45,0,temporary_failure,1
TXN_101156,CUST_1156,8182.67,23,3,0,56,18.79,1,0,1,34,0,insufficient_funds,0
TXN_101157,CUST_1157,44079.28,21,3,1,45,3.49,1,0,1,16,1,none,1
TXN_101158,CUST_1158,43630.62,21,5,2,7,0.69,1,1,0,35,0,none,0
TXN_101159,CUST_1159,1753.59,43,9,0,9,5.14,1,1,0,52,0,network_error,1
TXN_101160,CUST_1160,41343.09,13,0,3,72,16.5,1,1,0,27,0,none,1
TXN_101161,CUST_1161,6704.83,37,10,0,66,4.58,1,1,0,49,0,bank_declined,1
TXN_101162,CUST_1162,16955.41,33,3,3,10,5.2,1,1,1,14,0,none,0
TXN_101163,CUST_1163,37252.36,24,9,0,11,3.03,1,0,0,18,1,insufficient_funds,1
TXN_101164,CUST_1164,8289.77,44,12,2,9,14.45,1,1,1,59,1,insufficient_funds,1
TXN_101165,CUST_1165,40952.96,11,3,2,24,1.85,0,0,1,21,0,network_error,1
TXN_101166,CUST_1166,41657.07,17,9,0,48,6.96,1,1,0,5,1,bank_declined,1
TXN_101167,CUST_1167,25521.15,4,0,1,48,6.01,1,1,1,46,0,network_error,0
TXN_101168,CUST_1168,617.38,47,8,2,88,11.33,1,1,0,6,1,bank_declined,0
TXN_101169,CUST_1169,14565.8,25,3,3,10,14.74,1,1,0,43,1,network_error,1
TXN_101170,CUST_1170,30961.27,30,6,3,61,10.89,1,1,0,47,0,insufficient_funds,0
TXN_101171,CUST_1171,49064.95,9,11,4,35,18.66,1,1,1,8,1,temporary_failure,0
TXN_101172,CUST_1172,31701.13,21,13,5,38,19.05,1,0,0,19,1,none,0
TXN_101173,CUST_1173,13212.24,20,2,5,52,7.55,0,1,1,36,1,none,0
TXN_101174,CUST_1174,31810.08,19,9,5,89,15.66,1,1,0,10,1,none,1
TXN_101175,CUST_1175,27137.27,19,11,3,77,14.91,1,0,1,1,1,expired_card,1
TXN_101176,CUST_1176,39058.32,12,2,4,55,17.91,1,0,1,21,0,expired_card,1
TXN_101177,CUST_1177,5616.94,37,13,5,0,9.23,1,1,0,47,1,network_error,1
TXN_101178,CUST_1178,38123.09,42,7,5,55,10.84,0,0,1,35,1,temporary_failure,1
TXN_101179,CUST_1179,27200.95,17,7,0,3,8.61,1,0,1,4,1,insufficient_funds,1
TXN_101180,CUST_1180,48160.7,37,10,0,29,17.08,0,1,0,6,1,insufficient_funds,1
TXN_101181,CUST_1181,17291.05,54,11,0,11,4.98,1,0,0,5,0,none,1
TXN_101182,CUST_1182,31741.31,48,0,1,34,5.17,1,1,0,55,0,temporary_failure,0
TXN_101183,CUST_1183,46621.8,39,9,5,76,7.77,1,1,1,21,0,none,0
TXN_101184,CUST_1184,5394.73,28,1,1,51,4.99,1,1,1,9,0,authentication_failure,0
TXN_101185,CUST_1185,46880.26,41,7,4,30,11.44,1,0,0,45,0,expired_card,0
TXN_101186,CUST_1186,34487.92,35,0,3,86,3.12,1,1,0,39,1,temporary_failure,1
TXN_101187,CUST_1187,3671.5,47,14,5,67,6.74,1,1,1,45,1,insufficient_funds,1
TXN_101188,CUST_1188,15257.89,48,11,3,51,18.31,1,0,1,45,1,none,0
TXN_101189,CUST_1189,35496.15,18,7,0,79,8.48,1,0,1,19,0,insufficient_funds,1
TXN_101190,CUST_1190,3647.32,14,7,5,6,15.09,1,1,1,27,1,insufficient_funds,1
TXN_101191,CUST_1191,29233.87,35,1,2,21,2.71,1,0,0,22,1,insufficient_funds,0
TXN_101192,CUST_1192,17490.39,44,3,1,74,5.33,1,1,0,34,1,temporary_failure,0
TXN_101193,CUST_1193,31159.5,41,5,1,55,16.24,1,0,0,0,0,insufficient_funds,1
TXN_101194,CUST_1194,2573.38,7,11,5,57,15.38,1,0,1,28,0,network_error,1
TXN_101195,CUST_1195,43615.38,41,10,0,63,8.03,1,0,0,8,1,authentication_failure,1
TXN_101196,CUST_1196,48682.4,13,8,1,11,19.11,1,1,0,8,0,network_error,1
TXN_101197,CUST_1197,48453.23,18,14,0,6,18.26,1,1,1,21,1,temporary_failure,1
TXN_101198,CUST_1198,37557.7,37,7,4,54,19.26,1,0,0,1,1,none,1
TXN_101199,CUST_1199,6765.29,13,11,3,61,8.84,1,1,0,15,1,none,1
TXN_101200,CUST_1200,37985.68,36,14,2,89,4.35,1,1,1,39,1,temporary_failure,1
TXN_101201,CUST_1201,1521.97,31,7,3,72,12.72,1,1,0,57,1,bank_declined,0
TXN_101202,CUST_1202,1399.54,2,6,3,76,13.85,1,1,0,5,1,temporary_failure,0
TXN_101203,CUST_1203,16383.43,16,13,4,54,2.95,1,1,1,54,0,none,1
TXN_101204,CUST_1204,24585.57,9,12,1,35,15.84,1,1,0,12,0,none,1
TXN_101205,CUST_1205,38589.25,9,8,2,88,0.85,0,1,0,32,0,none,0
TXN_101206,CUST_1206,34259.78,38,14,1,23,9.91,1,1,1,18,0,insufficient_funds,1
TXN_101207,CUST_1207,22461.36,11,1,5,43,6.95,1,0,0,14,0,authentication_failure,0
TXN_101208,CUST_1208,13899.25,54,2,3,16,14.94,1,0,1,32,0,insufficient_funds,0
TXN_101209,CUST_1209,49857.09,56,9,5,1,6.6,1,1,0,9,1,bank_declined,0
TXN_101210,CUST_1210,21481.21,22,7,0,12,16.62,1,1,1,0,0,authentication_failure,1
TXN_101211,CUST_1211,22733.94,33,13,3,30,12.1,1,1,0,59,0,temporary_failure,1
TXN_101212,CUST_1212,8432.1,36,5,1,27,15.98,0,1,0,11,1,expired_card,1
TXN_101213,CUST_1213,39802.03,45,9,3,59,19.79,1,0,0,42,1,network_error,1
TXN_101214,CUST_1214,34776.01,23,8,0,26,13.74,1,1,1,28,1,none,0
TXN_101215,CUST_1215,11272.25,45,9,4,14,19.71,1,0,1,16,1,insufficient_funds,1
TXN_101216,CUST_1216,4394.34,45,3,5,78,1.06,0,0,0,3,0,none,0
TXN_101217,CUST_1217,34120.82,34,7,5,32,7.09,1,1,1,28,0,none,1
TXN_101218,CUST_1218,32829.21,9,9,1,19,2.6,1,0,0,54,0,none,0
TXN_101219,CUST_1219,13881.0,24,2,3,41,5.61,1,1,1,6,0,none,0
TXN_101220,CUST_1220,47557.92,8,2,1,11,16.86,0,1,0,43,0,none,0
TXN_101221,CUST_1221,7807.58,7,7,4,72,1.13,1,0,1,12,1,network_error,1
TXN_101222,CUST_1222,21787.04,36,4,3,22,10.64,1,1,1,4,0,insufficient_funds,0
TXN_101223,CUST_1223,47197.71,18,2,3,71,11.56,1,1,1,59,0,expired_card,0
TXN_101224,CUST_1224,21160.45,3,9,1,13,11.44,1,0,0,5,0,expired_card,0
TXN_101225,CUST_1225,32034.74,28,10,1,24,9.77,1,0,0,33,1,none,1
TXN_101226,CUST_1226,20060.44,6,0,0,76,15.92,1,1,1,52,0,network_error,0
TXN_101227,CUST_1227,13928.5,44,14,4,84,3.1,1,1,0,6,0,insufficient_funds,0
TXN_101228,CUST_1228,49203.69,44,2,0,30,6.56,1,0,0,45,0,expired_card,0
TXN_101229,CUST_1229,20643.9,21,11,5,53,12.51,1,0,0,56,0,none,0
TXN_101230,CUST_1230,44736.73,28,8,3,4,13.97,1,1,0,53,0,temporary_failure,1
TXN_101231,CUST_1231,11728.74,40,4,1,12,8.38,0,1,0,27,0,bank_declined,1
TXN_101232,CUST_1232,10891.3,54,11,3,27,17.57,1,0,1,45,0,network_error,1
TXN_101233,CUST_1233,1847.36,54,9,3,42,8.6,1,1,1,9,1,temporary_failure,1
TXN_101234,CUST_1234,32687.84,1,14,2,88,8.35,1,1,1,3,0,temporary_failure,1
TXN_101235,CUST_1235,18615.76,36,1,5,46,1.21,1,1,0,2,1,bank_declined,0
TXN_101236,CUST_1236,43258.61,21,6,2,70,11.25,1,0,1,24,0,none,0
TXN_101237,CUST_1237,23818.53,43,14,3,37,14.32,0,1,1,22,0,temporary_failure,1
TXN_101238,CUST_1238,48419.21,35,1,1,66,2.73,1,0,1,26,0,bank_declined,0
TXN_101239,CUST_1239,9520.62,13,3,3,61,6.46,1,1,0,13,0,none,1
TXN_101240,CUST_1240,43470.57,57,11,5,38,15.73,1,1,1,37,0,none,0
TXN_101241,CUST_1241,38896.86,49,6,2,36,7.64,1,1,1,31,0,none,1
TXN_101242,CUST_1242,38614.82,54,3,1,85,5.21,1,1,1,22,1,bank_declined,1
TXN_101243,CUST_1243,42285.73,54,6,3,7,13.61,1,1,0,46,1,none,0
TXN_101244,CUST_1244,38122.89,10,6,4,80,4.34,1,1,0,39,1,temporary_failure,1
TXN_101245,CUST_1245,31423.15,53,0,5,51,17.97,1,0,0,36,0,none,0
TXN_101246,CUST_1246,6822.87,44,5,5,32,2.56,1,1,1,2,1,network_error,1
TXN_101247,CUST_1247,1916.55,47,8,4,80,14.28,1,0,0,34,0,insufficient_funds,1
TXN_101248,CUST_1248,46066.14,53,1,3,41,10.24,1,0,1,12,1,authentication_failure,0
TXN_101249,CUST_1249,30947.52,10,13,5,75,17.46,1,1,1,33,0,temporary_failure,1
TXN_101250,CUST_1250,39887.9,46,2,1,26,2.96,1,1,1,23,0,none,1
TXN_101251,CUST_1251,24231.66,13,9,3,7,13.72,1,1,1,0,1,bank_declined,1
TXN_101252,CUST_1252,6130.22,37,4,3,22,11.66,1,1,1,11,1,network_error,1
TXN_101253,CUST_1253,6521.73,38,8,2,63,9.86,1,1,1,7,0,temporary_failure,0
TXN_101254,CUST_1254,34372.59,24,3,5,19,10.08,1,1,0,18,0,insufficient_funds,0
TXN_101255,CUST_1255,21686.2,2,0,5,15,14.58,1,0,1,8,0,none,0
TXN_101256,CUST_1256,10266.08,22,3,4,16,18.79,1,1,1,27,1,none,0
TXN_101257,CUST_1257,24732.25,17,5,2,79,2.28,0,1,0,13,0,none,0
TXN_101258,CUST_1258,3491.18,36,4,2,18,0.88,1,1,1,59,1,insufficient_funds,1
TXN_101259,CUST_1259,29223.98,14,13,5,7,16.21,1,0,0,26,0,temporary_failure,1
TXN_101260,CUST_1260,13668.97,10,12,3,37,2.61,1,1,0,17,0,authentication_failure,1
TXN_101261,CUST_1261,39938.69,35,0,2,37,19.74,1,0,0,41,1,authentication_failure,0
TXN_101262,CUST_1262,15724.99,25,3,4,52,12.58,1,0,0,40,0,temporary_failure,0
TXN_101263,CUST_1263,22924.44,3,5,2,89,13.19,0,0,1,5,0,none,0
TXN_101264,CUST_1264,877.54,47,12,4,30,4.38,1,0,1,32,0,bank_declined,0
TXN_101265,CUST_1265,3900.61,38,14,2,43,5.19,1,1,1,36,1,insufficient_funds,1
TXN_101266,CUST_1266,19806.93,17,9,4,59,13.36,1,1,1,41,1,bank_declined,1
TXN_101267,CUST_1267,24152.96,12,9,2,75,18.24,1,0,0,24,1,network_error,1
TXN_101268,CUST_1268,30121.02,54,13,2,16,19.66,1,1,0,12,1,expired_card,1
TXN_101269,CUST_1269,14795.63,52,3,1,78,4.36,1,1,1,53,1,authentication_failure,0
TXN_101270,CUST_1270,34840.6,24,14,4,72,3.12,1,1,1,22,0,authentication_failure,1
TXN_101271,CUST_1271,43048.08,29,13,4,38,1.6,1,1,0,35,0,temporary_failure,1
TXN_101272,CUST_1272,39058.59,43,8,4,41,17.43,1,1,1,32,1,none,1
TXN_101273,CUST_1273,2269.06,25,4,0,47,6.25,1,1,1,20,1,none,1
TXN_101274,CUST_1274,24181.2,36,7,2,11,0.54,1,1,1,33,0,expired_card,1
TXN_101275,CUST_1275,5515.03,58,8,4,88,4.86,1,1,0,55,0,temporary_failure,1
TXN_101276,CUST_1276,12329.64,26,9,5,17,7.14,1,1,1,35,0,network_error,1
TXN_101277,CUST_1277,49337.13,38,4,0,78,19.82,1,1,1,16,0,network_error,0
TXN_101278,CUST_1278,7382.03,1,5,1,5,10.71,1,1,1,9,0,none,1
TXN_101279,CUST_1279,25094.74,20,0,4,42,4.49,0,1,0,22,1,none,1
TXN_101280,CUST_1280,31022.34,55,10,4,34,7.03,0,1,1,43,0,none,1
TXN_101281,CUST_1281,35212.51,28,11,0,53,6.94,1,0,1,58,1,temporary_failure,0
TXN_101282,CUST_1282,28114.54,16,14,2,61,0.88,1,1,0,1,1,none,1
TXN_101283,CUST_1283,785.61,47,6,5,68,3.14,0,0,0,34,1,network_error,1
TXN_101284,CUST_1284,16525.13,17,3,1,81,14.06,1,0,1,13,0,none,0
TXN_101285,CUST_1285,26030.27,40,10,4,15,2.84,1,0,1,56,0,bank_declined,1
TXN_101286,CUST_1286,4666.97,28,1,2,7,5.0,0,1,1,46,0,bank_declined,0
TXN_101287,CUST_1287,17726.16,58,4,5,88,7.34,1,1,0,44,0,authentication_failure,0
TXN_101288,CUST_1288,1950.19,12,11,5,89,15.28,1,1,1,40,0,temporary_failure,0
TXN_101289,CUST_1289,4205.35,27,2,1,85,11.86,1,1,1,1,1,bank_declined,0
TXN_101290,CUST_1290,20027.09,54,5,3,30,13.94,1,1,0,18,0,none,0
TXN_101291,CUST_1291,6895.97,53,7,5,9,11.56,1,1,1,15,1,temporary_failure,1
TXN_101292,CUST_1292,28506.78,42,6,3,55,13.83,1,1,0,42,1,temporary_failure,1
TXN_101293,CUST_1293,34566.41,59,2,5,75,0.56,1,1,0,43,1,temporary_failure,0
TXN_101294,CUST_1294,40089.16,47,7,1,69,18.65,1,0,1,24,1,bank_declined,0
TXN_101295,CUST_1295,10247.47,30,1,0,19,2.66,1,1,1,0,0,none,0
TXN_101296,CUST_1296,8623.88,41,9,1,4,8.42,1,1,0,1,1,temporary_failure,1
TXN_101297,CUST_1297,5497.02,34,8,1,22,15.54,1,1,0,47,0,temporary_failure,1
TXN_101298,CUST_1298,31930.58,37,3,0,8,8.99,1,1,0,26,1,none,0
TXN_101299,CUST_1299,35411.84,6,0,0,57,18.96,1,1,0,1,0,none,0
TXN_101300,CUST_1300,1869.83,7,7,2,58,9.62,1,1,0,57,0,temporary_failure,1
TXN_101301,CUST_1301,46829.75,32,6,5,79,17.56,1,1,1,29,0,none,0
TXN_101302,CUST_1302,2882.97,32,10,2,53,16.31,1,1,0,50,0,expired_card,0
TXN_101303,CUST_1303,27202.43,53,12,0,45,19.63,1,0,1,9,0,none,1
TXN_101304,CUST_1304,35540.31,25,4,3,21,18.57,1,1,0,18,0,authentication_failure,1
TXN_101305,CUST_1305,43587.17,33,9,3,63,18.01,1,1,1,41,1,none,0
TXN_101306,CUST_1306,35790.12,55,12,1,7,14.77,1,1,1,15,0,temporary_failure,1
TXN_101307,CUST_1307,40145.89,58,4,4,19,7.66,1,1,1,12,0,insufficient_funds,0
TXN_101308,CUST_1308,17170.67,7,6,1,50,2.57,1,0,0,47,0,bank_declined,1
TXN_101309,CUST_1309,40796.81,52,4,1,77,13.93,1,0,1,49,0,bank_declined,1
TXN_101310,CUST_1310,4281.71,57,7,4,38,19.58,1,1,1,55,0,none,1
TXN_101311,CUST_1311,44772.39,12,10,5,36,14.67,1,1,1,7,1,network_error,1
TXN_101312,CUST_1312,27515.34,16,12,0,49,18.61,1,0,1,55,0,temporary_failure,1
TXN_101313,CUST_1313,40919.7,16,5,3,33,16.18,1,0,0,49,0,bank_declined,0
TXN_101314,CUST_1314,22780.22,43,12,1,74,3.68,1,1,1,30,0,bank_declined,0
TXN_101315,CUST_1315,32285.81,53,4,4,32,5.36,1,0,1,44,0,none,0
TXN_101316,CUST_1316,26462.21,36,8,2,30,7.17,1,0,1,24,0,network_error,1
TXN_101317,CUST_1317,36660.0,13,10,1,53,3.78,1,1,1,58,1,network_error,1
TXN_101318,CUST_1318,4357.01,7,1,3,43,11.84,1,1,1,38,0,expired_card,0
TXN_101319,CUST_1319,3299.5,36,0,0,33,19.52,1,1,1,59,0,none,0
TXN_101320,CUST_1320,12581.03,47,7,1,70,15.35,1,0,1,20,1,network_error,0
TXN_101321,CUST_1321,8229.37,51,11,1,61,8.76,1,1,1,54,0,insufficient_funds,1
TXN_101322,CUST_1322,43627.64,9,2,5,22,0.59,1,1,0,55,1,none,0
TXN_101323,CUST_1323,11194.94,32,13,4,45,6.61,1,0,1,56,0,none,0
TXN_101324,CUST_1324,48800.5,11,10,2,55,10.77,1,0,1,49,0,none,1
TXN_101325,CUST_1325,17043.72,8,11,2,6,6.82,1,0,0,37,1,none,0
TXN_101326,CUST_1326,9351.26,33,11,0,88,2.67,1,0,0,40,0,none,1
TXN_101327,CUST_1327,39548.02,23,11,3,60,9.13,1,0,1,28,1,none,1
TXN_101328,CUST_1328,33037.78,25,6,0,2,5.44,0,1,1,5,0,none,1
TXN_101329,CUST_1329,25060.33,56,9,1,37,18.23,1,1,0,17,1,temporary_failure,1
TXN_101330,CUST_1330,27901.57,8,12,1,83,2.48,1,1,1,48,1,authentication_failure,1
TXN_101331,CUST_1331,36044.33,45,10,2,33,1.46,0,1,1,43,1,network_error,1
TXN_101332,CUST_1332,11654.2,22,7,3,43,0.6,1,0,1,34,1,bank_declined,1
TXN_101333,CUST_1333,49817.8,59,14,4,29,6.9,1,1,0,26,1,none,1
TXN_101334,CUST_1334,48747.22,4,12,3,16,13.38,1,0,1,4,0,none,0
TXN_101335,CUST_1335,32621.19,40,12,1,58,14.74,1,1,1,6,0,expired_card,0
TXN_101336,CUST_1336,10217.26,3,5,4,9,9.34,1,0,0,9,0,none,1
TXN_101337,CUST_1337,34107.34,29,11,3,83,13.84,1,1,0,9,0,insufficient_funds,0
TXN_101338,CUST_1338,3888.26,41,9,3,17,7.52,1,1,0,50,1,none,1
TXN_101339,CUST_1339,1823.43,29,13,4,44,13.52,1,0,1,56,0,network_error,1
TXN_101340,CUST_1340,13106.84,34,8,1,58,1.29,0,1,0,57,0,bank_declined,0
TXN_101341,CUST_1341,23292.36,34,6,3,61,8.12,1,0,1,27,1,temporary_failure,1
TXN_101342,CUST_1342,43453.14,28,14,4,58,15.92,1,1,0,35,0,none,1
TXN_101343,CUST_1343,36440.3,13,9,5,48,16.16,1,1,1,9,0,network_error,1
TXN_101344,CUST_1344,37212.51,15,4,5,62,14.46,1,0,0,49,0,none,1
TXN_101345,CUST_1345,21447.02,23,7,1,86,4.48,1,1,1,34,0,network_error,0
TXN_101346,CUST_1346,17492.97,44,14,4,31,5.32,1,0,1,52,1,insufficient_funds,0
TXN_101347,CUST_1347,18740.63,26,1,5,9,19.92,1,1,0,34,0,bank_declined,1
TXN_101348,CUST_1348,49386.18,4,6,4,10,2.52,1,0,0,36,0,bank_declined,1
TXN_101349,CUST_1349,2293.43,26,14,3,69,4.02,1,1,1,47,1,none,1
TXN_101350,CUST_1350,43391.47,40,3,1,61,3.04,1,1,0,19,0,temporary_failure,1
TXN_101351,CUST_1351,29060.17,9,8,5,46,6.89,1,0,1,12,1,none,0
TXN_101352,CUST_1352,22099.19,55,11,3,33,4.6,1,1,0,10,1,none,1
TXN_101353,CUST_1353,36345.31,5,0,0,16,10.2,1,1,0,57,0,none,1
TXN_101354,CUST_1354,24487.45,56,6,0,53,9.78,1,0,1,44,0,authentication_failure,1
TXN_101355,CUST_1355,43709.13,32,5,1,75,18.08,1,1,1,18,0,none,0
TXN_101356,CUST_1356,45064.88,20,7,5,84,1.18,1,1,1,27,1,bank_declined,0
TXN_101357,CUST_1357,21259.53,50,4,5,39,6.74,0,1,0,37,0,temporary_failure,1
TXN_101358,CUST_1358,14058.34,11,14,5,18,12.13,1,0,0,55,0,insufficient_funds,0
TXN_101359,CUST_1359,29739.81,15,0,4,66,12.29,1,0,1,44,1,none,0
TXN_101360,CUST_1360,45644.46,32,0,3,81,9.86,0,1,0,59,0,temporary_failure,0
TXN_101361,CUST_1361,10769.91,28,8,5,52,16.41,1,1,1,3,0,network_error,0
TXN_101362,CUST_1362,31261.44,22,14,3,63,1.72,1,1,0,56,1,temporary_failure,1
TXN_101363,CUST_1363,31688.54,41,9,1,82,16.4,1,0,0,53,0,insufficient_funds,0
TXN_101364,CUST_1364,36735.72,17,5,5,46,10.15,1,1,1,36,1,temporary_failure,0
TXN_101365,CUST_1365,6838.91,59,9,1,5,3.11,1,1,1,18,1,none,1
TXN_101366,CUST_1366,35876.5,26,4,5,15,17.77,1,0,1,36,0,network_error,0
TXN_101367,CUST_1367,45478.92,44,14,0,71,13.16,0,0,1,52,1,none,1
TXN_101368,CUST_1368,9230.25,7,0,2,17,3.69,1,1,1,13,0,expired_card,0
TXN_101369,CUST_1369,12105.9,42,5,1,51,1.16,0,1,1,30,1,none,1
TXN_101370,CUST_1370,48578.34,57,5,5,47,3.25,1,1,1,27,0,authentication_failure,0
TXN_101371,CUST_1371,9294.55,26,2,2,42,12.37,1,1,0,59,0,network_error,1
TXN_101372,CUST_1372,42762.94,25,12,1,38,4.0,1,1,0,35,0,network_error,1
TXN_101373,CUST_1373,24766.21,10,7,4,48,4.9,1,0,1,43,0,authentication_failure,0
TXN_101374,CUST_1374,12587.38,59,13,5,11,0.99,1,1,0,37,1,none,0
TXN_101375,CUST_1375,43576.27,45,14,4,9,14.6,1,1,0,18,1,network_error,1
TXN_101376,CUST_1376,22431.67,19,0,0,70,16.3,1,1,1,41,1,none,0
TXN_101377,CUST_1377,25886.42,11,0,5,54,16.04,1,0,1,0,0,none,0
TXN_101378,CUST_1378,18153.9,13,5,0,0,2.99,1,1,1,22,0,insufficient_funds,1
TXN_101379,CUST_1379,29769.66,53,9,2,48,18.11,1,1,0,54,1,expired_card,1
TXN_101380,CUST_1380,8427.14,8,12,1,35,13.61,1,0,1,27,0,insufficient_funds,0
TXN_101381,CUST_1381,19736.75,40,0,3,20,18.0,1,1,1,47,1,network_error,1
TXN_101382,CUST_1382,48479.79,4,5,0,36,9.22,0,1,1,3,1,expired_card,0
TXN_101383,CUST_1383,13129.23,47,0,3,23,9.02,1,1,0,40,0,none,0
TXN_101384,CUST_1384,32939.81,31,13,3,54,15.8,1,1,0,59,1,temporary_failure,1
TXN_101385,CUST_1385,16461.95,28,12,1,24,2.32,1,1,0,17,1,temporary_failure,1
TXN_101386,CUST_1386,38741.61,11,5,2,6,10.66,1,0,0,48,1,temporary_failure,1
TXN_101387,CUST_1387,6804.42,43,2,1,80,16.81,1,1,0,46,0,bank_declined,1
TXN_101388,CUST_1388,48500.11,1,13,5,70,16.69,1,1,0,50,0,none,0
TXN_101389,CUST_1389,22853.34,49,13,0,70,19.14,1,1,1,38,0,none,1
TXN_101390,CUST_1390,12031.71,47,14,3,23,14.12,1,1,1,24,0,none,1
TXN_101391,CUST_1391,3952.79,52,7,1,10,4.55,1,1,1,17,0,none,1
TXN_101392,CUST_1392,8736.97,38,12,1,72,0.9,1,0,0,5,1,bank_declined,1
TXN_101393,CUST_1393,26132.77,24,14,1,11,9.85,1,0,0,18,1,temporary_failure,1
TXN_101394,CUST_1394,17049.06,54,5,0,34,10.52,1,0,0,52,0,temporary_failure,0
TXN_101395,CUST_1395,41495.5,57,12,2,62,5.19,1,0,0,11,0,none,1
TXN_101396,CUST_1396,21715.11,47,10,1,67,2.93,0,1,0,24,1,none,1
TXN_101397,CUST_1397,12661.1,31,12,0,56,11.93,1,1,1,34,0,expired_card,1
TXN_101398,CUST_1398,30972.11,41,0,3,12,15.4,0,1,1,0,1,bank_declined,0
TXN_101399,CUST_1399,35426.83,46,14,5,22,19.87,0,0,1,4,1,bank_declined,1
TXN_101400,CUST_1400,8601.98,50,4,4,82,15.29,0,1,1,0,1,none,0
TXN_101401,CUST_1401,8630.68,26,7,0,38,15.98,1,1,1,7,1,temporary_failure,0
TXN_101402,CUST_1402,2122.57,49,2,4,87,12.52,1,0,1,38,1,none,0
TXN_101403,CUST_1403,36899.18,50,11,1,79,19.73,1,1,1,46,0,bank_declined,0
TXN_101404,CUST_1404,33291.09,5,5,1,11,12.98,1,1,1,42,0,temporary_failure,1
TXN_101405,CUST_1405,23889.15,20,4,0,33,17.27,1,1,1,17,0,none,1
TXN_101406,CUST_1406,42255.27,52,5,4,70,18.94,1,1,1,45,0,bank_declined,0
TXN_101407,CUST_1407,40341.81,41,9,1,74,18.63,1,1,0,58,1,expired_card,1
TXN_101408,CUST_1408,29392.11,11,0,3,30,7.94,1,0,1,8,0,expired_card,0
TXN_101409,CUST_1409,43453.08,56,6,2,61,2.03,1,1,1,4,1,network_error,1
TXN_101410,CUST_1410,10530.31,54,8,2,12,3.85,0,1,1,54,0,none,1
TXN_101411,CUST_1411,5862.41,33,1,1,30,1.65,1,1,0,3,0,network_error,1
TXN_101412,CUST_1412,13706.56,50,9,4,1,2.56,1,1,0,43,1,insufficient_funds,0
TXN_101413,CUST_1413,3137.22,38,14,5,14,4.1,1,1,1,28,0,none,1
TXN_101414,CUST_1414,26699.13,27,4,1,56,7.15,1,1,1,0,1,network_error,1
TXN_101415,CUST_1415,46849.3,34,9,5,74,11.1,1,0,0,29,1,temporary_failure,1
TXN_101416,CUST_1416,2255.37,15,3,5,33,14.38,1,1,1,55,0,none,0
TXN_101417,CUST_1417,6368.86,32,5,4,67,4.61,1,0,1,44,0,network_error,0
TXN_101418,CUST_1418,22774.29,58,5,5,74,13.61,0,0,0,0,0,none,0
TXN_101419,CUST_1419,46713.59,21,10,3,28,14.23,1,1,1,2,1,none,0
TXN_101420,CUST_1420,16012.96,46,1,4,65,11.39,1,1,0,21,1,bank_declined,0
TXN_101421,CUST_1421,25509.57,5,1,1,15,18.12,1,1,1,7,0,authentication_failure,0
TXN_101422,CUST_1422,2366.17,6,3,3,38,2.66,1,0,1,55,1,bank_declined,0
TXN_101423,CUST_1423,7672.66,38,0,0,76,3.95,1,0,1,17,0,bank_declined,0
TXN_101424,CUST_1424,49335.52,22,8,2,36,8.86,1,0,1,24,1,none,1
TXN_101425,CUST_1425,48266.4,18,13,1,80,2.97,1,0,0,47,1,none,1
TXN_101426,CUST_1426,545.52,14,13,1,20,11.54,0,0,1,51,1,temporary_failure,1
TXN_101427,CUST_1427,47605.05,10,12,1,43,8.27,1,1,1,19,1,network_error,1
TXN_101428,CUST_1428,32064.26,46,6,3,18,6.05,1,1,1,30,0,none,1
TXN_101429,CUST_1429,43435.54,13,11,0,70,3.81,1,1,1,29,1,network_error,1
TXN_101430,CUST_1430,22900.57,31,6,4,7,7.04,1,1,0,15,0,none,0
TXN_101431,CUST_1431,25925.12,30,14,0,76,12.36,1,0,1,1,1,none,1
TXN_101432,CUST_1432,24595.68,3,2,3,65,11.73,1,1,1,16,0,bank_declined,0
TXN_101433,CUST_1433,33443.15,30,14,1,40,3.69,1,0,0,9,1,bank_declined,1
TXN_101434,CUST_1434,7240.67,6,10,2,74,2.94,1,1,1,6,1,expired_card,1
TXN_101435,CUST_1435,1789.69,29,14,1,87,1.02,1,1,1,58,1,authentication_failure,0
TXN_101436,CUST_1436,15604.12,8,11,4,69,0.74,1,1,1,41,0,network_error,0
TXN_101437,CUST_1437,35322.63,44,2,5,60,17.66,1,0,1,50,1,expired_card,0
TXN_101438,CUST_1438,10332.12,45,0,2,25,1.38,1,1,1,51,1,none,1
TXN_101439,CUST_1439,33769.59,43,2,1,70,14.76,1,0,1,58,1,insufficient_funds,0
TXN_101440,CUST_1440,48504.63,44,2,2,82,17.5,0,0,0,8,0,temporary_failure,1
TXN_101441,CUST_1441,4966.87,33,3,5,69,2.41,1,0,1,53,0,insufficient_funds,0
TXN_101442,CUST_1442,33728.33,17,3,0,28,9.01,1,1,1,16,0,authentication_failure,1
TXN_101443,CUST_1443,22354.39,48,2,3,65,19.26,1,1,1,8,0,bank_declined,0
TXN_101444,CUST_1444,43446.67,11,9,1,18,16.77,1,0,1,8,0,network_error,1
TXN_101445,CUST_1445,9104.34,13,11,4,67,10.05,1,1,0,36,0,temporary_failure,1
TXN_101446,CUST_1446,34723.51,50,7,0,57,15.37,1,1,0,23,0,authentication_failure,0
TXN_101447,CUST_1447,41954.33,11,7,1,69,16.75,1,1,1,38,0,bank_declined,0
TXN_101448,CUST_1448,47247.33,31,12,0,56,7.29,1,1,0,10,0,network_error,1
TXN_101449,CUST_1449,34257.43,28,12,4,36,17.9,1,1,1,7,1,bank_declined,1
TXN_101450,CUST_1450,25009.59,44,0,1,60,9.67,1,1,0,24,0,insufficient_funds,0
TXN_101451,CUST_1451,31007.01,6,6,5,29,10.79,1,1,0,45,0,none,0
TXN_101452,CUST_1452,43484.58,41,10,5,70,19.99,1,1,0,1,0,insufficient_funds,1
TXN_101453,CUST_1453,28659.3,16,1,4,72,16.94,1,1,1,9,1,expired_card,1
TXN_101454,CUST_1454,1810.24,4,0,2,24,7.55,0,0,1,52,1,none,1
TXN_101455,CUST_1455,46568.15,35,2,4,64,0.7,1,0,1,23,0,network_error,0
TXN_101456,CUST_1456,34569.48,48,3,2,5,12.71,1,0,1,47,0,none,0
TXN_101457,CUST_1457,33922.72,56,12,1,17,14.23,1,1,0,15,1,temporary_failure,1
TXN_101458,CUST_1458,11019.06,59,5,2,9,13.19,1,0,0,18,0,authentication_failure,0
TXN_101459,CUST_1459,33046.61,26,9,1,10,19.37,1,1,1,58,0,authentication_failure,1
TXN_101460,CUST_1460,19875.06,57,13,1,64,17.33,1,1,1,30,0,temporary_failure,1
TXN_101461,CUST_1461,32666.28,12,4,3,76,9.25,1,1,0,10,0,bank_declined,0
TXN_101462,CUST_1462,5597.67,11,14,1,83,1.73,1,1,1,5,1,bank_declined,1
TXN_101463,CUST_1463,32994.91,37,14,2,64,9.78,1,1,1,5,0,expired_card,0
TXN_101464,CUST_1464,49970.86,25,13,3,51,13.94,1,1,0,31,1,none,1
TXN_101465,CUST_1465,2696.14,18,3,3,66,12.35,1,1,0,38,1,temporary_failure,0
TXN_101466,CUST_1466,48865.56,19,7,1,81,10.99,1,0,1,47,0,bank_declined,1
TXN_101467,CUST_1467,20523.33,23,10,4,77,9.64,1,1,0,12,0,bank_declined,1
TXN_101468,CUST_1468,43576.45,55,11,4,30,6.23,1,1,0,58,0,authentication_failure,1
TXN_101469,CUST_1469,39184.56,38,13,5,16,5.91,0,1,1,2,0,none,1
TXN_101470,CUST_1470,28480.71,54,3,3,54,10.25,1,1,1,55,0,bank_declined,1
TXN_101471,CUST_1471,37000.93,18,12,1,35,3.63,1,1,1,55,1,temporary_failure,1
TXN_101472,CUST_1472,43962.22,26,9,4,25,7.14,0,0,0,40,0,expired_card,0
TXN_101473,CUST_1473,20385.77,6,11,1,52,6.82,1,1,1,55,1,none,1
TXN_101474,CUST_1474,16553.55,4,12,1,16,11.95,1,0,1,34,0,authentication_failure,1
TXN_101475,CUST_1475,33479.39,44,1,3,85,1.8,1,0,0,37,1,network_error,0
TXN_101476,CUST_1476,40449.94,51,14,5,24,16.68,1,1,0,56,1,temporary_failure,1
TXN_101477,CUST_1477,38185.57,29,2,3,1,11.47,0,1,1,16,0,insufficient_funds,0
TXN_101478,CUST_1478,39951.34,59,5,0,85,13.58,1,0,1,2,0,insufficient_funds,0
TXN_101479,CUST_1479,21948.49,34,7,4,4,14.21,1,1,1,33,0,bank_declined,0
TXN_101480,CUST_1480,40946.36,17,7,4,3,6.18,1,1,0,11,0,none,1
TXN_101481,CUST_1481,6274.39,43,14,4,35,9.67,1,1,1,23,0,authentication_failure,1
TXN_101482,CUST_1482,27361.11,43,10,2,5,19.15,1,1,1,5,0,insufficient_funds,1
TXN_101483,CUST_1483,586.21,53,14,1,20,15.45,1,1,1,41,0,insufficient_funds,1
TXN_101484,CUST_1484,16431.92,16,8,3,76,19.41,1,0,1,10,1,bank_declined,0
TXN_101485,CUST_1485,18513.14,2,6,4,88,15.05,1,1,0,47,0,network_error,0
TXN_101486,CUST_1486,19989.78,34,12,0,25,3.92,1,0,1,26,0,bank_declined,1
TXN_101487,CUST_1487,34864.72,55,1,4,54,1.76,1,1,0,47,0,bank_declined,1
TXN_101488,CUST_1488,19611.34,8,7,5,38,11.76,1,1,0,23,0,network_error,0
TXN_101489,CUST_1489,22600.07,13,6,1,83,7.48,1,1,1,17,0,insufficient_funds,0
TXN_101490,CUST_1490,12105.94,42,7,1,32,5.87,1,0,1,26,1,temporary_failure,1
TXN_101491,CUST_1491,18850.61,8,11,3,13,16.24,1,0,0,53,0,temporary_failure,1
TXN_101492,CUST_1492,11595.3,30,2,2,55,7.66,1,1,1,54,0,insufficient_funds,0
TXN_101493,CUST_1493,3937.84,32,6,3,80,6.68,1,1,0,55,0,temporary_failure,1
TXN_101494,CUST_1494,30291.4,36,9,4,20,17.07,1,1,1,40,0,bank_declined,1
TXN_101495,CUST_1495,33510.18,47,12,5,45,17.0,1,0,1,20,0,none,1
TXN_101496,CUST_1496,31088.67,30,8,0,15,7.45,1,1,0,58,1,expired_card,1
TXN_101497,CUST_1497,23335.65,1,2,3,15,16.73,1,0,0,50,0,network_error,1
TXN_101498,CUST_1498,19175.35,43,13,2,83,17.09,1,0,0,33,0,none,1
TXN_101499,CUST_1499,43207.68,39,9,3,28,8.77,1,1,0,55,1,insufficient_funds,1
TXN_101500,CUST_1000,26098.36,17,5,1,7,1.8,0,1,0,32,0,none,1
TXN_101501,CUST_1001,24115.34,59,1,4,87,0.53,1,0,1,57,0,bank_declined,0
TXN_101502,CUST_1002,1574.41,20,1,4,2,10.7,1,0,0,47,1,bank_declined,0
TXN_101503,CUST_1003,17260.02,24,4,4,88,7.21,1,1,1,53,0,bank_declined,0
TXN_101504,CUST_1004,19195.72,50,4,4,18,19.94,1,0,0,17,1,temporary_failure,1
TXN_101505,CUST_1005,20121.49,22,12,4,65,15.56,0,1,1,2,0,none,1
TXN_101506,CUST_1006,29134.57,29,6,4,78,15.34,1,1,0,23,0,temporary_failure,0
TXN_101507,CUST_1007,26820.05,22,11,0,85,19.13,1,0,0,0,0,bank_declined,1
TXN_101508,CUST_1008,30512.88,44,1,2,73,17.81,1,0,1,5,0,bank_declined,1
TXN_101509,CUST_1009,38314.7,9,10,4,81,6.7,1,1,0,18,0,temporary_failure,1
TXN_101510,CUST_1010,40705.39,37,13,2,21,3.74,1,1,1,21,0,temporary_failure,1
TXN_101511,CUST_1011,35990.72,10,12,5,45,15.04,1,1,1,50,1,temporary_failure,1
TXN_101512,CUST_1012,47789.53,36,6,4,12,7.88,1,1,1,42,1,insufficient_funds,0
TXN_101513,CUST_1013,1206.16,37,4,3,32,9.73,1,1,0,58,0,none,0
TXN_101514,CUST_1014,10030.17,28,13,4,4,12.79,1,1,0,7,0,bank_declined,1
TXN_101515,CUST_1015,675.87,28,5,1,89,18.2,1,1,1,4,1,temporary_failure,1
TXN_101516,CUST_1016,32479.49,42,7,0,76,8.67,1,0,1,51,1,network_error,1
TXN_101517,CUST_1017,44932.12,43,9,3,26,15.77,1,1,0,8,0,none,1
TXN_101518,CUST_1018,12401.07,21,12,3,77,5.73,1,1,0,46,1,insufficient_funds,0
TXN_101519,CUST_1019,46373.62,24,13,1,23,14.11,1,1,0,20,0,insufficient_funds,1
TXN_101520,CUST_1020,3295.29,42,11,4,66,0.53,1,1,1,27,0,none,1
TXN_101521,CUST_1021,46741.47,40,3,0,62,17.49,1,1,0,45,0,temporary_failure,0
TXN_101522,CUST_1022,17775.65,2,12,3,47,1.09,1,1,1,3,1,authentication_failure,1
TXN_101523,CUST_1023,5340.62,55,6,0,62,14.4,1,0,0,55,1,insufficient_funds,0
TXN_101524,CUST_1024,24447.83,8,5,3,77,1.4,1,0,1,23,1,none,0
TXN_101525,CUST_1025,13061.8,48,9,4,11,5.69,1,1,0,7,0,none,1
TXN_101526,CUST_1026,14458.18,27,1,5,27,10.2,1,0,1,51,1,none,0
TXN_101527,CUST_1027,15572.31,22,14,3,43,8.69,1,0,0,16,0,bank_declined,1
TXN_101528,CUST_1028,40210.39,37,7,5,42,4.24,1,1,0,33,0,bank_declined,0
TXN_101529,CUST_1029,27096.32,27,9,3,16,7.01,1,1,0,19,0,insufficient_funds,0
TXN_101530,CUST_1030,15771.99,57,8,2,39,14.69,1,1,0,15,0,none,0
TXN_101531,CUST_1031,30633.59,29,4,4,48,13.55,1,0,0,9,1,none,0
TXN_101532,CUST_1032,35892.69,3,9,1,84,1.9,1,0,1,33,0,bank_declined,1
TXN_101533,CUST_1033,13849.41,44,3,5,56,15.07,1,0,1,42,1,expired_card,0
TXN_101534,CUST_1034,20853.39,13,5,1,86,1.53,1,1,0,9,0,temporary_failure,1
TXN_101535,CUST_1035,6357.74,45,7,4,83,11.09,1,0,1,29,0,bank_declined,0
TXN_101536,CUST_1036,9303.12,10,10,1,63,5.57,1,1,1,29,1,network_error,1
TXN_101537,CUST_1037,34151.56,36,14,4,74,11.96,1,0,0,50,0,bank_declined,0
TXN_101538,CUST_1038,9317.49,9,2,1,56,5.6,1,1,1,24,1,bank_declined,1
TXN_101539,CUST_1039,26400.62,54,9,5,73,19.71,1,1,1,56,1,temporary_failure,0
TXN_101540,CUST_1040,35539.6,56,10,2,73,6.54,1,0,1,45,0,none,1
TXN_101541,CUST_1041,5611.78,55,10,1,69,5.22,0,1,0,42,1,none,1
TXN_101542,CUST_1042,28495.42,27,0,5,87,5.93,0,1,0,40,0,none,0
TXN_101543,CUST_1043,13051.17,34,3,3,75,17.98,1,1,1,6,1,expired_card,0
TXN_101544,CUST_1044,48157.47,51,14,4,42,12.91,1,1,1,46,0,network_error,1
TXN_101545,CUST_1045,24332.22,1,3,0,22,14.75,1,1,0,19,0,insufficient_funds,0
TXN_101546,CUST_1046,40357.83,32,0,0,26,18.4,1,1,1,16,0,none,1
TXN_101547,CUST_1047,27646.26,25,8,4,57,18.28,1,1,1,2,0,network_error,1
TXN_101548,CUST_1048,2457.6,29,2,2,36,14.91,1,1,0,46,1,expired_card,0
TXN_101549,CUST_1049,31767.62,7,4,1,5,4.36,1,0,1,45,1,expired_card,0
TXN_101550,CUST_1050,47584.75,49,5,2,64,16.95,1,1,1,39,1,none,0
TXN_101551,CUST_1051,30200.11,3,7,0,5,4.47,1,1,0,35,0,temporary_failure,1
TXN_101552,CUST_1052,41013.69,20,5,5,49,14.99,1,1,1,25,1,insufficient_funds,1
TXN_101553,CUST_1053,44245.06,20,2,4,21,13.87,1,1,0,9,0,expired_card,1
TXN_101554,CUST_1054,11635.56,53,5,4,87,15.3,0,1,0,33,0,none,0
TXN_101555,CUST_1055,10838.63,30,0,2,24,10.89,0,1,1,13,0,expired_card,1
TXN_101556,CUST_1056,30665.76,35,3,5,78,12.96,1,1,1,7,0,bank_declined,0
TXN_101557,CUST_1057,20728.11,35,5,2,89,19.09,1,1,1,54,1,bank_declined,0
TXN_101558,CUST_1058,42041.11,49,6,1,71,2.47,1,1,1,26,0,none,0
TXN_101559,CUST_1059,45031.15,39,10,3,50,6.52,1,0,1,9,0,none,0
TXN_101560,CUST_1060,17865.04,27,12,5,87,12.42,1,0,1,56,1,network_error,1
TXN_101561,CUST_1061,12072.47,26,10,3,47,19.3,0,1,0,49,1,insufficient_funds,1
TXN_101562,CUST_1062,39092.12,14,9,1,69,2.36,1,1,1,14,1,none,0
TXN_101563,CUST_1063,13957.86,17,2,3,64,0.94,1,0,1,36,0,network_error,1
TXN_101564,CUST_1064,41183.93,18,8,0,59,1.59,1,0,0,21,1,none,1
TXN_101565,CUST_1065,21359.79,45,11,3,45,1.52,1,1,1,44,0,insufficient_funds,1
TXN_101566,CUST_1066,33477.23,52,11,1,35,18.2,1,1,1,49,0,bank_declined,1
TXN_101567,CUST_1067,5048.11,29,6,3,57,14.56,1,1,1,30,1,none,1
TXN_101568,CUST_1068,31305.81,20,13,4,75,13.7,1,1,0,1,1,temporary_failure,1
TXN_101569,CUST_1069,22752.85,53,0,2,37,10.69,1,1,1,44,1,authentication_failure,0
TXN_101570,CUST_1070,29454.44,27,1,0,10,15.75,1,0,0,30,0,authentication_failure,1
TXN_101571,CUST_1071,8650.31,18,0,4,11,3.54,1,1,0,13,1,none,0
TXN_101572,CUST_1072,36922.63,4,10,4,41,8.14,1,1,1,9,1,insufficient_funds,0
TXN_101573,CUST_1073,43181.01,1,8,1,38,10.06,1,1,1,29,0,insufficient_funds,1
TXN_101574,CUST_1074,11071.97,50,8,2,70,2.65,1,1,0,35,0,none,1
TXN_101575,CUST_1075,5057.01,1,6,2,10,8.68,1,0,0,46,1,network_error,0
TXN_101576,CUST_1076,1474.84,58,9,5,35,6.67,0,1,1,39,0,temporary_failure,1
TXN_101577,CUST_1077,32205.98,26,2,0,51,1.19,1,0,1,14,1,insufficient_funds,1
TXN_101578,CUST_1078,30472.57,45,12,1,30,3.17,1,1,1,13,0,none,1
TXN_101579,CUST_1079,27470.86,20,14,0,32,15.4,1,1,1,30,1,insufficient_funds,1
TXN_101580,CUST_1080,11827.77,52,4,5,12,0.85,1,1,0,28,1,network_error,1
TXN_101581,CUST_1081,19728.03,23,14,3,17,18.72,1,1,0,26,0,bank_declined,1
TXN_101582,CUST_1082,29845.47,10,3,4,40,2.19,1,0,0,20,1,none,1
TXN_101583,CUST_1083,24989.31,59,6,0,57,16.09,0,1,0,8,0,none,1
TXN_101584,CUST_1084,49392.94,11,13,4,55,18.02,1,1,0,19,0,network_error,0
TXN_101585,CUST_1085,7081.06,41,8,1,23,18.85,1,0,0,34,0,temporary_failure,1
TXN_101586,CUST_1086,34848.68,41,11,3,72,17.42,1,1,1,57,0,none,0
TXN_101587,CUST_1087,20394.64,5,1,1,30,6.11,1,1,0,14,1,bank_declined,0
TXN_101588,CUST_1088,21581.52,58,12,3,54,7.0,1,0,1,23,1,none,1
TXN_101589,CUST_1089,35964.61,1,7,3,9,8.82,1,1,1,48,0,authentication_failure,1
TXN_101590,CUST_1090,34714.08,17,14,4,59,3.22,1,1,1,56,0,expired_card,1
TXN_101591,CUST_1091,49565.42,22,8,1,1,0.93,1,1,1,15,0,temporary_failure,1
TXN_101592,CUST_1092,6681.2,34,9,1,14,17.45,1,1,1,35,1,none,0
TXN_101593,CUST_1093,5474.25,56,13,0,2,11.31,1,0,0,10,1,bank_declined,1
TXN_101594,CUST_1094,36299.64,45,9,1,42,12.37,0,0,0,56,1,bank_declined,1
TXN_101595,CUST_1095,29045.83,41,8,0,30,18.58,1,1,0,7,1,temporary_failure,1
TXN_101596,CUST_1096,13925.79,29,13,2,69,13.47,0,1,0,2,0,temporary_failure,1
TXN_101597,CUST_1097,4247.14,4,9,2,66,13.97,1,1,1,18,0,insufficient_funds,1
TXN_101598,CUST_1098,4557.22,5,13,2,55,15.85,1,0,1,45,1,bank_declined,1
TXN_101599,CUST_1099,44741.29,11,6,5,62,2.77,1,1,1,40,1,none,1
TXN_101600,CUST_1100,9835.81,56,14,1,74,7.52,1,0,0,2,1,bank_declined,1
TXN_101601,CUST_1101,16371.57,51,8,5,14,19.38,0,0,1,35,1,expired_card,1
TXN_101602,CUST_1102,11564.82,21,8,1,9,18.5,1,1,0,24,1,temporary_failure,1
TXN_101603,CUST_1103,17943.32,35,13,0,37,17.74,1,1,1,59,1,network_error,1
TXN_101604,CUST_1104,3750.36,12,2,5,46,9.32,1,0,0,35,1,authentication_failure,0
TXN_101605,CUST_1105,26097.27,26,3,5,56,17.22,1,0,0,10,1,none,0
TXN_101606,CUST_1106,3660.34,51,1,5,49,1.44,1,1,0,50,0,none,0
TXN_101607,CUST_1107,40077.72,19,9,3,70,3.4,1,1,1,15,0,authentication_failure,1
TXN_101608,CUST_1108,11915.49,45,2,0,14,8.57,1,1,0,54,0,none,1
TXN_101609,CUST_1109,27138.59,7,10,2,17,9.93,1,0,0,53,1,insufficient_funds,0
TXN_101610,CUST_1110,44039.93,47,10,0,81,5.64,1,1,1,16,0,network_error,1
TXN_101611,CUST_1111,32648.61,55,4,3,87,7.45,1,1,1,41,0,temporary_failure,0
TXN_101612,CUST_1112,26788.0,7,4,1,1,3.67,1,1,0,23,0,bank_declined,0
TXN_101613,CUST_1113,16419.39,26,5,0,83,10.04,1,0,1,16,1,insufficient_funds,0
TXN_101614,CUST_1114,16850.2,40,12,5,42,15.98,1,1,0,47,0,expired_card,0
TXN_101615,CUST_1115,33573.5,5,6,2,25,13.4,0,1,0,19,0,authentication_failure,1
TXN_101616,CUST_1116,49708.73,21,6,2,70,2.6,1,0,1,21,0,none,0
TXN_101617,CUST_1117,33193.41,14,0,1,37,10.01,1,1,0,5,1,authentication_failure,1
TXN_101618,CUST_1118,28021.84,4,13,0,41,14.1,1,1,1,6,0,temporary_failure,1
TXN_101619,CUST_1119,36613.33,23,1,3,4,10.83,1,1,1,13,0,none,0
TXN_101620,CUST_1120,23420.72,42,11,1,10,8.14,1,0,1,10,1,none,1
TXN_101621,CUST_1121,3289.07,20,8,0,64,12.63,1,0,1,11,0,none,1
TXN_101622,CUST_1122,28246.15,15,9,4,33,19.39,0,0,1,45,0,network_error,1
TXN_101623,CUST_1123,47893.98,50,1,2,0,2.35,1,1,0,4,1,none,0
TXN_101624,CUST_1124,9012.56,52,5,3,82,8.11,1,0,0,4,0,none,0
TXN_101625,CUST_1125,34593.24,45,10,5,1,8.43,1,1,1,19,1,temporary_failure,1
TXN_101626,CUST_1126,10286.4,29,10,3,84,11.75,1,1,1,53,0,temporary_failure,0
TXN_101627,CUST_1127,26930.64,8,0,5,19,3.47,1,1,1,54,0,temporary_failure,1
TXN_101628,CUST_1128,5104.82,41,2,3,60,3.94,1,0,1,57,1,bank_declined,0
TXN_101629,CUST_1129,22683.44,48,1,2,86,6.06,0,1,0,14,1,authentication_failure,0
TXN_101630,CUST_1130,37881.32,19,2,5,20,19.14,1,1,1,25,0,none,0
TXN_101631,CUST_1131,17574.3,48,4,0,87,14.82,1,0,0,32,0,bank_declined,0
TXN_101632,CUST_1132,33346.11,39,10,5,67,13.4,1,1,1,56,1,expired_card,0
TXN_101633,CUST_1133,39833.86,46,9,1,11,16.43,1,1,1,29,1,expired_card,0
TXN_101634,CUST_1134,46380.74,28,5,0,21,2.99,0,1,0,23,0,insufficient_funds,1
TXN_101635,CUST_1135,11961.71,46,8,1,19,17.26,1,1,1,22,1,temporary_failure,1
TXN_101636,CUST_1136,20146.0,57,11,3,81,12.1,1,0,1,8,0,network_error,1
TXN_101637,CUST_1137,7875.08,27,10,0,0,7.04,1,1,0,2,0,expired_card,0
TXN_101638,CUST_1138,49626.43,4,14,3,29,16.41,1,1,1,57,0,none,1
TXN_101639,CUST_1139,46371.95,58,14,4,23,16.15,1,0,1,35,0,bank_declined,1
TXN_101640,CUST_1140,27135.87,15,9,3,13,16.99,1,1,1,47,0,none,0
TXN_101641,CUST_1141,42149.05,35,11,3,35,2.75,1,0,0,6,0,bank_declined,1
TXN_101642,CUST_1142,26191.61,37,11,1,68,19.4,1,1,1,21,0,expired_card,0
TXN_101643,CUST_1143,31292.21,1,12,5,74,19.21,1,1,1,13,0,network_error,0
TXN_101644,CUST_1144,4729.48,3,3,4,23,7.47,1,1,1,47,0,temporary_failure,1
TXN_101645,CUST_1145,37836.94,47,6,3,59,1.78,1,0,1,28,0,temporary_failure,0
TXN_101646,CUST_1146,6647.36,24,5,3,54,3.76,1,1,1,49,1,temporary_failure,0
TXN_101647,CUST_1147,41355.56,27,1,4,76,19.86,0,0,1,15,0,bank_declined,1
TXN_101648,CUST_1148,39166.8,40,9,4,79,11.48,1,1,0,47,1,none,1
TXN_101649,CUST_1149,35524.61,36,10,0,23,7.45,1,1,1,33,0,temporary_failure,1
TXN_101650,CUST_1150,2097.17,34,10,1,76,6.12,0,1,0,9,0,network_error,1
TXN_101651,CUST_1151,15365.48,29,10,4,23,5.51,1,0,0,6,0,insufficient_funds,1
TXN_101652,CUST_1152,13376.69,24,14,4,53,13.45,1,1,1,24,1,none,1
TXN_101653,CUST_1153,18198.78,24,14,2,25,8.68,0,1,1,26,0,none,1
TXN_101654,CUST_1154,4655.84,42,7,5,65,19.33,1,1,1,14,0,none,0
TXN_101655,CUST_1155,46866.8,4,6,4,79,13.83,1,1,1,31,1,authentication_failure,0
TXN_101656,CUST_1156,27823.97,3,14,1,37,15.94,1,1,0,27,1,insufficient_funds,1
TXN_101657,CUST_1157,15484.56,34,14,5,64,6.21,1,1,0,8,1,none,1
TXN_101658,CUST_1158,20029.98,57,6,5,74,2.04,1,1,0,6,0,insufficient_funds,0
TXN_101659,CUST_1159,22525.97,49,13,3,50,10.01,1,0,1,58,0,insufficient_funds,0
TXN_101660,CUST_1160,30149.54,23,14,3,34,6.63,1,1,0,55,1,insufficient_funds,0
TXN_101661,CUST_1161,25929.27,53,7,3,42,4.44,1,0,0,15,0,expired_card,0
TXN_101662,CUST_1162,45993.78,56,11,3,28,19.08,1,1,0,25,1,expired_card,0
TXN_101663,CUST_1163,24999.09,52,11,2,36,9.16,1,1,1,34,1,expired_card,1
TXN_101664,CUST_1164,49610.25,23,12,4,80,3.91,1,1,1,16,1,bank_declined,0
TXN_101665,CUST_1165,42615.82,45,13,3,57,4.37,1,0,1,22,0,temporary_failure,1
TXN_101666,CUST_1166,10662.97,5,10,0,53,5.97,1,1,0,7,0,none,0
TXN_101667,CUST_1167,46550.58,31,0,3,38,19.99,1,0,0,1,1,authentication_failure,0
TXN_101668,CUST_1168,6083.41,53,14,4,41,5.73,1,1,0,30,0,bank_declined,1
TXN_101669,CUST_1169,40927.25,41,12,3,27,6.91,1,0,0,56,0,network_error,1
TXN_101670,CUST_1170,19216.98,57,0,2,28,13.36,1,1,0,51,0,insufficient_funds,0
TXN_101671,CUST_1171,43935.32,57,7,1,42,6.23,1,0,0,57,0,temporary_failure,0
TXN_101672,CUST_1172,43442.42,54,3,1,2,4.71,1,0,0,58,0,bank_declined,1
TXN_101673,CUST_1173,40354.49,6,4,4,9,3.59,1,0,0,56,1,insufficient_funds,0
TXN_101674,CUST_1174,39564.51,37,7,1,58,6.6,1,1,0,31,0,insufficient_funds,0
TXN_101675,CUST_1175,15442.55,57,4,1,13,2.57,0,1,1,28,0,none,0
TXN_101676,CUST_1176,4321.69,10,9,0,75,0.86,1,1,1,2,0,network_error,1
TXN_101677,CUST_1177,20328.11,40,3,4,46,16.19,1,0,1,7,0,authentication_failure,1
TXN_101678,CUST_1178,8924.17,7,11,4,41,3.19,1,1,0,58,1,expired_card,1
TXN_101679,CUST_1179,34839.07,39,5,1,31,15.63,1,1,0,1,1,none,1
TXN_101680,CUST_1180,17501.16,38,12,1,31,16.05,1,1,1,30,0,temporary_failure,1
TXN_101681,CUST_1181,48787.83,21,14,1,41,10.99,1,1,0,50,1,none,1
TXN_101682,CUST_1182,32156.31,20,11,5,31,6.54,1,0,1,48,0,network_error,0
TXN_101683,CUST_1183,41177.28,3,4,2,25,3.33,1,1,1,36,1,temporary_failure,1
TXN_101684,CUST_1184,6886.48,51,13,3,0,14.87,1,1,1,19,0,insufficient_funds,1
TXN_101685,CUST_1185,43142.12,22,6,2,55,12.23,1,0,1,28,0,authentication_failure,1
TXN_101686,CUST_1186,46161.03,47,13,4,1,13.28,1,1,1,16,0,expired_card,1
TXN_101687,CUST_1187,24506.98,4,9,0,80,0.67,0,1,1,9,1,insufficient_funds,1
TXN_101688,CUST_1188,30430.77,28,6,3,29,18.59,1,0,0,40,0,network_error,1
TXN_101689,CUST_1189,38311.05,12,12,0,70,1.79,1,1,0,21,1,expired_card,1
TXN_101690,CUST_1190,8989.48,38,3,5,51,7.65,1,1,0,5,0,bank_declined,1
TXN_101691,CUST_1191,25277.53,51,11,4,8,8.35,0,1,0,42,1,none,1
TXN_101692,CUST_1192,20113.55,36,12,5,21,0.53,1,1,0,33,0,none,1
TXN_101693,CUST_1193,7574.79,47,4,4,33,10.19,1,1,0,30,1,authentication_failure,0
TXN_101694,CUST_1194,18566.46,41,12,0,48,15.18,1,1,1,54,0,none,1
TXN_101695,CUST_1195,3688.16,5,2,0,0,16.55,1,1,0,11,0,temporary_failure,1
TXN_101696,CUST_1196,1582.85,13,14,0,72,17.65,1,0,0,11,1,temporary_failure,1
TXN_101697,CUST_1197,7017.76,23,3,4,83,10.01,1,1,0,15,1,bank_declined,0
TXN_101698,CUST_1198,48166.82,58,14,1,52,12.8,1,1,1,24,1,network_error,1
TXN_101699,CUST_1199,27611.62,50,13,0,82,2.05,1,1,0,21,0,network_error,0
TXN_101700,CUST_1200,48301.36,30,3,5,39,10.02,0,1,1,26,0,authentication_failure,0
TXN_101701,CUST_1201,21795.14,37,2,3,44,3.52,1,1,1,23,0,temporary_failure,1
TXN_101702,CUST_1202,15797.26,25,12,4,67,7.71,1,0,1,11,0,temporary_failure,1
TXN_101703,CUST_1203,25455.25,48,9,5,8,6.92,1,0,0,52,0,none,0
TXN_101704,CUST_1204,22143.73,27,4,2,21,8.76,1,0,1,17,0,none,0
TXN_101705,CUST_1205,5551.53,51,4,2,17,11.65,1,1,1,44,1,expired_card,0
TXN_101706,CUST_1206,32149.07,14,10,3,75,18.11,1,1,0,46,1,expired_card,0
TXN_101707,CUST_1207,11037.1,57,6,1,42,8.19,1,1,0,15,0,network_error,1
TXN_101708,CUST_1208,31093.52,48,3,0,38,19.63,1,1,0,3,0,insufficient_funds,1
TXN_101709,CUST_1209,32614.99,59,12,4,72,15.3,1,1,1,11,0,bank_declined,0
TXN_101710,CUST_1210,7855.64,47,3,5,5,10.47,1,1,0,48,1,expired_card,0
TXN_101711,CUST_1211,3349.08,54,8,0,82,13.06,1,1,1,32,0,network_error,1
TXN_101712,CUST_1212,39103.85,36,5,5,47,2.49,1,1,0,21,1,temporary_failure,0
TXN_101713,CUST_1213,23152.08,39,14,4,6,16.97,0,1,1,17,0,none,1
TXN_101714,CUST_1214,3190.74,16,3,2,79,11.86,1,1,1,53,0,none,1
TXN_101715,CUST_1215,49744.86,56,1,0,68,19.73,1,1,0,47,1,insufficient_funds,0
TXN_101716,CUST_1216,3171.69,22,5,3,15,12.91,0,1,0,32,1,network_error,1
TXN_101717,CUST_1217,34843.25,21,1,1,0,16.77,1,0,0,26,0,none,0
TXN_101718,CUST_1218,49188.84,54,4,3,36,16.1,1,0,0,41,0,temporary_failure,0
TXN_101719,CUST_1219,12187.25,21,5,1,82,7.24,1,1,1,18,1,authentication_failure,1
TXN_101720,CUST_1220,7369.79,8,3,5,36,5.56,0,1,0,47,0,authentication_failure,0
TXN_101721,CUST_1221,6332.83,49,13,0,80,8.89,1,0,1,13,1,bank_declined,1
TXN_101722,CUST_1222,15372.77,16,12,0,63,9.61,1,0,0,24,1,none,1
TXN_101723,CUST_1223,5321.98,59,2,1,89,5.18,1,0,0,33,1,bank_declined,0
TXN_101724,CUST_1224,34700.42,55,6,2,85,17.94,1,1,1,23,0,temporary_failure,1
TXN_101725,CUST_1225,3395.9,31,1,4,61,11.08,1,0,1,37,0,temporary_failure,1
TXN_101726,CUST_1226,25618.28,42,12,3,71,19.58,1,0,0,59,1,temporary_failure,0
TXN_101727,CUST_1227,49835.83,10,10,5,60,16.3,1,0,1,53,0,bank_declined,0
TXN_101728,CUST_1228,40754.32,32,13,3,32,11.34,1,0,0,22,0,expired_card,0
TXN_101729,CUST_1229,30876.41,59,5,3,65,18.97,1,1,1,4,1,insufficient_funds,0
TXN_101730,CUST_1230,15520.8,34,12,5,29,10.35,1,0,0,43,0,network_error,1
TXN_101731,CUST_1231,31307.62,9,3,5,19,17.8,1,1,0,58,1,expired_card,1
TXN_101732,CUST_1232,26493.96,17,5,0,59,7.48,1,1,1,35,1,insufficient_funds,0
TXN_101733,CUST_1233,21476.34,11,3,3,81,7.88,1,1,0,53,1,network_error,0
TXN_101734,CUST_1234,6796.31,32,3,4,73,8.65,1,0,0,23,1,expired_card,0
TXN_101735,CUST_1235,44364.23,10,14,4,23,11.16,1,0,0,35,0,authentication_failure,1
TXN_101736,CUST_1236,22654.3,22,3,1,3,11.29,1,0,1,4,0,bank_declined,1
TXN_101737,CUST_1237,9972.74,57,8,5,36,10.18,1,0,1,38,1,network_error,1
TXN_101738,CUST_1238,18577.64,17,6,0,3,6.47,1,1,1,5,0,none,1
TXN_101739,CUST_1239,20882.25,4,2,4,76,18.58,1,0,1,44,1,bank_declined,0
TXN_101740,CUST_1240,41428.63,48,2,2,88,11.98,1,0,1,35,1,bank_declined,1
TXN_101741,CUST_1241,36760.63,52,5,0,76,8.45,1,1,0,44,0,authentication_failure,0
TXN_101742,CUST_1242,38534.45,47,5,0,17,13.2,1,1,0,3,1,temporary_failure,1
TXN_101743,CUST_1243,848.25,25,3,4,87,15.48,1,0,1,9,0,network_error,0
TXN_101744,CUST_1244,20982.85,59,14,2,65,19.23,1,0,0,51,0,bank_declined,1
TXN_101745,CUST_1245,24222.8,21,14,1,47,10.24,1,0,0,0,1,temporary_failure,1
TXN_101746,CUST_1246,1253.86,37,8,4,32,2.69,1,1,1,20,1,authentication_failure,0
TXN_101747,CUST_1247,13212.72,38,3,2,57,9.09,1,1,1,39,0,temporary_failure,0
TXN_101748,CUST_1248,38086.4,49,8,0,82,9.84,1,1,0,38,0,bank_declined,0
TXN_101749,CUST_1249,7114.35,1,3,2,72,17.99,1,1,0,36,0,temporary_failure,1
TXN_101750,CUST_1250,26904.91,25,1,0,27,8.2,1,1,1,2,0,temporary_failure,0
TXN_101751,CUST_1251,10995.53,51,1,4,34,19.09,1,0,1,46,0,none,0
TXN_101752,CUST_1252,902.4,36,4,5,9,9.96,1,1,0,30,0,none,0
TXN_101753,CUST_1253,12287.71,17,3,4,64,19.49,1,1,0,26,1,insufficient_funds,0
TXN_101754,CUST_1254,48800.93,41,6,3,41,0.66,1,1,1,16,1,network_error,1
TXN_101755,CUST_1255,40136.39,24,13,3,84,18.03,1,1,0,22,0,insufficient_funds,1
TXN_101756,CUST_1256,47990.96,2,10,3,8,18.66,1,1,1,12,0,authentication_failure,1
TXN_101757,CUST_1257,24546.35,40,4,4,59,19.24,1,1,0,46,1,bank_declined,0
TXN_101758,CUST_1258,5753.89,15,5,1,14,0.75,1,0,0,26,1,insufficient_funds,1
TXN_101759,CUST_1259,27533.59,32,9,4,56,3.85,1,1,0,50,1,expired_card,1
TXN_101760,CUST_1260,22882.55,39,3,5,68,13.25,0,0,1,19,0,temporary_failure,0
TXN_101761,CUST_1261,42264.55,59,12,2,21,1.0,1,1,1,45,0,temporary_failure,1
TXN_101762,CUST_1262,5174.7,6,11,4,63,1.74,1,0,0,52,0,none,0
TXN_101763,CUST_1263,24565.58,1,1,4,40,4.81,1,1,1,12,1,expired_card,0
TXN_101764,CUST_1264,7757.42,47,12,0,86,10.49,1,1,0,43,0,authentication_failure,1
TXN_101765,CUST_1265,16436.39,23,9,0,70,11.15,0,1,1,23,0,authentication_failure,1
TXN_101766,CUST_1266,36946.65,58,8,0,55,1.17,1,1,0,54,0,authentication_failure,0
TXN_101767,CUST_1267,23958.1,39,9,4,22,3.82,1,1,1,40,0,bank_declined,1
TXN_101768,CUST_1268,18981.65,57,14,1,24,10.24,1,1,0,58,1,bank_declined,1
TXN_101769,CUST_1269,19905.47,17,6,2,5,12.08,1,0,1,2,0,authentication_failure,1
TXN_101770,CUST_1270,23134.5,34,3,2,33,3.39,1,1,1,42,1,authentication_failure,1
TXN_101771,CUST_1271,39315.32,59,2,5,62,8.28,1,0,0,9,0,expired_card,0
TXN_101772,CUST_1272,44636.61,41,9,1,8,18.14,1,0,0,0,0,expired_card,1
TXN_101773,CUST_1273,47780.13,29,13,1,59,19.98,0,0,0,48,0,bank_declined,1
TXN_101774,CUST_1274,39409.1,9,14,2,48,19.75,1,1,1,59,0,bank_declined,1
TXN_101775,CUST_1275,15975.72,13,2,3,50,17.69,1,1,0,57,0,bank_declined,0
TXN_101776,CUST_1276,34500.29,6,8,0,59,8.2,1,0,1,12,1,network_error,1
TXN_101777,CUST_1277,22048.88,6,4,0,69,13.89,1,1,1,13,1,authentication_failure,1
TXN_101778,CUST_1278,12957.13,20,12,2,36,8.62,1,1,0,32,0,none,1
TXN_101779,CUST_1279,42091.32,52,14,1,30,13.15,1,1,0,1,0,expired_card,0
TXN_101780,CUST_1280,2209.79,53,2,5,40,6.53,1,1,1,1,1,none,0
TXN_101781,CUST_1281,45117.57,3,14,3,61,12.32,1,0,1,38,0,expired_card,1
TXN_101782,CUST_1282,23235.43,17,4,2,57,10.71,1,1,1,40,0,none,0
TXN_101783,CUST_1283,31968.91,49,1,0,13,0.98,0,0,0,55,0,network_error,1
TXN_101784,CUST_1284,33069.89,12,10,4,35,15.92,1,1,0,30,1,none,0
TXN_101785,CUST_1285,44787.35,48,3,1,35,0.73,1,1,1,3,0,temporary_failure,1
TXN_101786,CUST_1286,31942.48,47,9,4,78,6.22,1,1,1,33,0,temporary_failure,0
TXN_101787,CUST_1287,30812.5,45,1,5,7,0.62,1,0,1,18,0,network_error,1
TXN_101788,CUST_1288,3612.61,55,1,2,25,7.84,0,0,0,57,0,none,0
TXN_101789,CUST_1289,26064.88,1,11,0,35,1.73,0,0,0,36,0,bank_declined,1
TXN_101790,CUST_1290,7763.4,17,7,3,47,18.31,1,1,0,8,1,insufficient_funds,0
TXN_101791,CUST_1291,36950.46,3,0,4,84,8.61,1,0,1,23,1,authentication_failure,0
TXN_101792,CUST_1292,25757.43,26,13,3,27,9.46,1,1,0,12,0,network_error,1
TXN_101793,CUST_1293,34107.32,15,6,5,67,7.32,0,0,1,43,0,bank_declined,0
TXN_101794,CUST_1294,2371.14,36,4,0,61,12.74,0,1,1,29,1,expired_card,1
TXN_101795,CUST_1295,4514.16,32,14,4,79,15.8,1,0,0,18,1,none,1
TXN_101796,CUST_1296,35901.27,32,10,5,85,13.14,0,0,0,40,0,none,1
TXN_101797,CUST_1297,3882.59,4,7,3,75,15.09,1,1,1,9,0,insufficient_funds,0
TXN_101798,CUST_1298,3841.46,18,0,3,79,18.17,1,1,0,50,0,bank_declined,1
TXN_101799,CUST_1299,901.79,49,10,4,50,17.34,1,1,0,41,0,bank_declined,0
TXN_101800,CUST_1300,47838.12,19,6,0,41,13.64,1,0,0,43,0,bank_declined,0
TXN_101801,CUST_1301,36954.17,43,4,3,28,4.69,0,1,1,13,1,temporary_failure,0
TXN_101802,CUST_1302,17856.6,52,3,2,81,12.94,1,1,1,39,0,none,0
TXN_101803,CUST_1303,15037.82,35,6,5,9,10.37,1,0,1,47,1,bank_declined,1
TXN_101804,CUST_1304,17680.25,40,9,4,38,14.49,1,1,1,48,1,none,1
TXN_101805,CUST_1305,38800.28,14,14,1,81,16.74,1,1,1,19,1,none,0
TXN_101806,CUST_1306,33170.12,58,1,1,0,14.98,1,0,1,3,0,temporary_failure,1
TXN_101807,CUST_1307,9504.22,33,11,0,38,17.01,1,1,1,37,0,none,1
TXN_101808,CUST_1308,8953.23,14,14,2,20,1.75,1,1,0,43,1,expired_card,0
TXN_101809,CUST_1309,5190.26,34,0,3,64,1.12,1,0,0,59,1,authentication_failure,1
TXN_101810,CUST_1310,33117.05,55,0,1,14,5.54,1,1,1,49,1,bank_declined,0
TXN_101811,CUST_1311,38289.32,4,10,0,3,18.06,1,0,1,38,0,authentication_failure,0
TXN_101812,CUST_1312,13472.81,24,11,5,59,16.56,1,1,0,4,0,bank_declined,0
TXN_101813,CUST_1313,1340.96,59,0,2,60,13.81,1,1,1,41,1,network_error,1
TXN_101814,CUST_1314,4383.93,29,14,2,19,14.16,0,0,0,31,0,temporary_failure,1
TXN_101815,CUST_1315,48402.64,19,11,0,9,14.67,1,0,0,5,0,network_error,1
TXN_101816,CUST_1316,14983.61,6,4,0,86,18.88,1,0,1,58,0,insufficient_funds,0
TXN_101817,CUST_1317,38530.39,57,9,3,33,16.73,1,1,0,13,0,temporary_failure,1
TXN_101818,CUST_1318,31345.78,33,6,0,47,12.66,1,1,1,5,0,network_error,1
TXN_101819,CUST_1319,19282.4,49,1,3,32,13.48,1,0,0,13,0,network_error,1
TXN_101820,CUST_1320,10522.66,40,9,3,60,4.67,1,0,0,11,0,bank_declined,0
TXN_101821,CUST_1321,6332.9,19,7,4,9,13.32,1,0,1,26,1,temporary_failure,1
TXN_101822,CUST_1322,30866.14,53,3,2,53,8.78,1,0,1,53,0,none,1
TXN_101823,CUST_1323,38799.3,1,11,5,83,3.48,0,1,0,25,0,network_error,0
TXN_101824,CUST_1324,32302.04,5,2,2,64,16.22,1,1,1,11,1,temporary_failure,1
TXN_101825,CUST_1325,26656.02,27,9,2,76,10.45,1,1,1,7,0,authentication_failure,0
TXN_101826,CUST_1326,2384.98,16,10,4,0,19.56,1,1,0,9,0,authentication_failure,1
TXN_101827,CUST_1327,48433.89,6,7,3,4,5.99,1,1,0,15,1,temporary_failure,1
TXN_101828,CUST_1328,39996.1,40,1,3,79,9.87,1,1,1,51,1,network_error,1
TXN_101829,CUST_1329,14853.26,13,10,0,14,9.24,1,1,1,25,0,none,0
TXN_101830,CUST_1330,49004.53,48,10,4,27,2.86,1,1,0,7,0,none,0
TXN_101831,CUST_1331,30213.52,35,12,0,22,8.81,1,0,0,40,1,insufficient_funds,0
TXN_101832,CUST_1332,29246.41,19,2,4,16,6.11,1,0,0,44,0,none,0
TXN_101833,CUST_1333,37479.24,12,11,0,12,3.63,1,0,0,28,1,bank_declined,1
TXN_101834,CUST_1334,40644.96,16,2,1,13,6.0,0,1,1,19,1,none,1
TXN_101835,CUST_1335,32926.99,59,9,2,10,5.05,1,1,1,16,1,temporary_failure,1
TXN_101836,CUST_1336,6666.36,43,10,2,27,14.81,0,1,0,18,0,authentication_failure,1
TXN_101837,CUST_1337,17111.9,10,0,5,41,1.1,1,1,1,16,0,network_error,0
TXN_101838,CUST_1338,46425.76,25,5,3,60,12.54,0,1,1,38,1,insufficient_funds,1
TXN_101839,CUST_1339,11463.4,20,1,5,63,15.33,1,0,1,59,0,none,0
TXN_101840,CUST_1340,18796.7,31,0,1,30,9.87,1,0,1,0,0,network_error,1
TXN_101841,CUST_1341,21774.22,4,1,5,80,18.67,1,0,1,58,1,temporary_failure,1
TXN_101842,CUST_1342,22138.43,44,11,2,72,14.3,1,0,1,51,0,network_error,0
TXN_101843,CUST_1343,30763.1,23,5,3,9,15.08,1,1,0,28,0,authentication_failure,1
TXN_101844,CUST_1344,47170.87,2,13,1,7,4.34,1,1,1,13,1,insufficient_funds,0
TXN_101845,CUST_1345,12262.43,56,3,2,20,15.66,1,1,1,16,0,none,0
TXN_101846,CUST_1346,6338.62,22,5,0,76,16.73,1,1,0,12,0,none,1
TXN_101847,CUST_1347,10114.28,51,11,4,58,7.54,1,1,0,28,0,insufficient_funds,1
TXN_101848,CUST_1348,44380.17,57,8,1,49,4.66,0,1,0,33,1,network_error,1
TXN_101849,CUST_1349,32396.8,37,12,3,68,8.01,1,1,1,26,0,bank_declined,1
TXN_101850,CUST_1350,14509.57,8,9,5,69,14.92,1,1,1,45,0,none,0
TXN_101851,CUST_1351,40852.56,7,11,5,29,8.64,0,1,1,32,1,none,1
TXN_101852,CUST_1352,43110.09,14,9,1,16,14.86,1,1,0,28,1,bank_declined,1
TXN_101853,CUST_1353,42371.76,56,7,3,74,2.71,1,1,1,36,0,none,0
TXN_101854,CUST_1354,45970.65,55,0,1,19,16.22,1,0,0,38,1,authentication_failure,0
TXN_101855,CUST_1355,12836.38,3,12,3,47,5.44,1,1,1,18,0,bank_declined,1
TXN_101856,CUST_1356,37825.58,50,7,5,72,5.35,1,1,0,45,1,none,0
TXN_101857,CUST_1357,23188.81,16,8,2,1,12.01,1,0,1,23,0,authentication_failure,1
TXN_101858,CUST_1358,42147.33,55,5,0,36,1.87,1,1,1,13,0,authentication_failure,0
TXN_101859,CUST_1359,36505.99,19,9,2,0,1.01,1,0,1,46,1,expired_card,1
TXN_101860,CUST_1360,38889.44,51,14,0,3,5.59,1,0,1,36,0,insufficient_funds,0
TXN_101861,CUST_1361,32911.24,18,4,5,53,10.99,1,0,1,4,0,bank_declined,0
TXN_101862,CUST_1362,9118.21,52,5,2,24,18.2,1,1,0,52,0,none,0
TXN_101863,CUST_1363,27387.84,16,12,2,2,17.01,1,1,1,23,1,expired_card,1
TXN_101864,CUST_1364,49238.09,8,5,1,8,10.06,1,1,1,33,0,none,0
TXN_101865,CUST_1365,46888.19,33,8,4,85,1.22,0,1,0,49,0,insufficient_funds,0
TXN_101866,CUST_1366,2445.73,49,3,5,86,10.94,1,0,1,30,0,network_error,0
TXN_101867,CUST_1367,8491.3,12,1,3,75,14.24,1,0,1,29,0,none,0
TXN_101868,CUST_1368,6846.92,53,10,5,73,7.11,1,0,1,59,0,bank_declined,1
TXN_101869,CUST_1369,36381.2,11,10,3,33,2.67,1,1,1,55,0,temporary_failure,1
TXN_101870,CUST_1370,40943.93,5,8,3,42,5.93,1,1,1,8,0,authentication_failure,1
TXN_101871,CUST_1371,10911.51,27,1,0,73,15.55,1,0,1,26,0,bank_declined,0
TXN_101872,CUST_1372,25440.88,12,9,3,21,7.35,1,0,1,27,1,temporary_failure,1
TXN_101873,CUST_1373,42082.94,17,8,3,69,16.33,1,0,1,41,1,none,1
TXN_101874,CUST_1374,36720.24,6,1,1,1,6.73,1,1,1,25,1,none,0
TXN_101875,CUST_1375,27249.19,33,11,2,65,3.69,1,0,0,17,0,network_error,1
TXN_101876,CUST_1376,29640.28,5,7,5,31,9.0,1,0,0,35,1,none,0
TXN_101877,CUST_1377,25565.52,57,8,5,15,9.32,1,1,0,7,0,none,1
TXN_101878,CUST_1378,15088.16,28,11,3,75,0.81,1,1,1,17,1,expired_card,1
TXN_101879,CUST_1379,28381.59,14,9,4,0,2.78,1,1,1,19,0,temporary_failure,1
TXN_101880,CUST_1380,34537.6,5,8,5,71,4.11,1,1,1,57,0,temporary_failure,0
TXN_101881,CUST_1381,43704.15,54,9,3,47,2.71,1,1,1,31,0,temporary_failure,1
TXN_101882,CUST_1382,31923.68,56,8,0,49,7.16,1,1,0,28,0,temporary_failure,1
TXN_101883,CUST_1383,38127.74,59,1,0,12,19.31,1,1,1,48,1,bank_declined,1
TXN_101884,CUST_1384,8255.56,33,3,0,14,10.43,1,0,1,47,1,bank_declined,1
TXN_101885,CUST_1385,23239.41,50,6,3,52,12.74,1,1,0,17,1,insufficient_funds,0
TXN_101886,CUST_1386,763.78,48,11,1,43,7.45,1,1,0,6,1,temporary_failure,1
TXN_101887,CUST_1387,12559.94,41,1,4,7,6.81,1,0,1,0,0,authentication_failure,1
TXN_101888,CUST_1388,36405.15,19,0,3,73,0.95,1,1,0,27,0,insufficient_funds,0
TXN_101889,CUST_1389,49592.95,22,2,1,45,10.26,1,0,1,32,1,none,0
TXN_101890,CUST_1390,5229.15,5,11,1,68,9.93,0,1,0,49,0,temporary_failure,1
TXN_101891,CUST_1391,20254.27,59,3,5,18,3.58,1,1,1,3,1,none,0
TXN_101892,CUST_1392,40063.53,2,7,3,37,15.4,1,0,0,54,0,none,0
TXN_101893,CUST_1393,10440.57,30,5,3,10,10.11,1,1,0,19,0,expired_card,0
TXN_101894,CUST_1394,27887.72,47,10,1,42,7.11,1,1,1,52,1,none,1
TXN_101895,CUST_1395,36733.64,39,1,1,19,3.36,1,1,1,51,0,none,0
TXN_101896,CUST_1396,30914.48,4,14,1,19,11.27,1,1,1,35,0,insufficient_funds,1
TXN_101897,CUST_1397,9644.83,33,8,5,20,15.18,1,0,0,56,0,none,0
TXN_101898,CUST_1398,17962.61,13,13,3,81,6.0,0,1,0,30,1,none,0
TXN_101899,CUST_1399,39254.45,20,1,1,56,4.77,1,1,1,37,0,expired_card,0
TXN_101900,CUST_1400,27845.06,54,12,0,49,10.68,1,0,0,27,0,bank_declined,1
TXN_101901,CUST_1401,559.91,7,14,3,73,3.53,1,1,0,2,0,network_error,1
TXN_101902,CUST_1402,38121.24,15,11,5,25,13.5,1,1,1,5,0,expired_card,0
TXN_101903,CUST_1403,2054.97,23,4,0,29,12.3,1,1,0,44,0,network_error,1
TXN_101904,CUST_1404,37362.97,14,11,2,72,2.2,1,0,0,22,0,expired_card,0
TXN_101905,CUST_1405,10363.28,23,3,3,30,1.21,1,1,0,6,1,temporary_failure,1
TXN_101906,CUST_1406,47916.25,19,12,2,41,12.6,1,1,1,55,1,bank_declined,1
TXN_101907,CUST_1407,18586.66,54,6,1,67,6.24,1,1,0,35,0,bank_declined,1
TXN_101908,CUST_1408,16548.5,29,7,5,60,2.19,1,0,1,0,1,insufficient_funds,0
TXN_101909,CUST_1409,7699.74,56,4,1,60,15.31,1,1,0,5,0,temporary_failure,1
TXN_101910,CUST_1410,15488.53,20,9,5,69,6.62,1,1,1,23,0,temporary_failure,1
TXN_101911,CUST_1411,43869.54,29,13,4,77,9.46,1,0,0,36,0,bank_declined,0
TXN_101912,CUST_1412,49817.82,24,13,1,67,5.12,1,1,1,44,0,authentication_failure,1
TXN_101913,CUST_1413,18604.98,18,4,2,89,12.73,1,1,1,50,0,temporary_failure,0
TXN_101914,CUST_1414,22595.95,10,1,5,16,6.38,1,0,1,35,0,none,0
TXN_101915,CUST_1415,36186.93,41,7,1,18,19.38,1,0,1,23,1,none,1
TXN_101916,CUST_1416,44343.93,57,13,3,50,14.21,1,1,1,37,0,none,1
TXN_101917,CUST_1417,29774.3,8,1,5,69,3.17,1,1,0,44,1,temporary_failure,0
TXN_101918,CUST_1418,19758.83,26,9,5,62,8.63,1,0,1,28,0,network_error,0
TXN_101919,CUST_1419,20807.31,29,11,1,74,8.02,1,0,1,36,0,authentication_failure,1
TXN_101920,CUST_1420,34872.22,10,5,4,79,10.92,1,1,1,44,0,none,0
TXN_101921,CUST_1421,459.95,17,7,1,29,16.92,1,1,0,31,0,none,0
TXN_101922,CUST_1422,31093.59,2,5,2,24,11.88,1,0,1,24,1,network_error,1
TXN_101923,CUST_1423,17968.0,6,3,2,74,1.7,1,1,1,9,1,none,0
TXN_101924,CUST_1424,39771.61,58,12,5,70,13.28,0,0,1,34,0,temporary_failure,1
TXN_101925,CUST_1425,4921.63,5,3,5,25,0.66,1,1,0,54,1,temporary_failure,0
TXN_101926,CUST_1426,29533.65,28,5,1,55,15.71,1,1,0,24,1,expired_card,0
TXN_101927,CUST_1427,24204.35,41,13,2,21,13.5,1,1,1,26,1,temporary_failure,1
TXN_101928,CUST_1428,32223.58,5,14,2,88,6.52,0,0,1,44,0,temporary_failure,0
TXN_101929,CUST_1429,3523.22,18,12,4,18,6.2,1,1,1,31,1,none,1
TXN_101930,CUST_1430,29125.19,26,3,3,30,16.07,1,1,1,58,0,insufficient_funds,0
TXN_101931,CUST_1431,28205.78,20,7,4,25,15.78,1,1,1,11,1,network_error,0
TXN_101932,CUST_1432,28164.81,41,8,0,41,7.37,0,1,1,3,0,none,0
TXN_101933,CUST_1433,30293.34,49,0,4,40,6.33,1,0,1,41,0,bank_declined,0
TXN_101934,CUST_1434,33920.46,27,12,1,22,11.42,1,1,1,25,0,insufficient_funds,1
TXN_101935,CUST_1435,40307.95,49,3,3,46,0.66,1,1,0,2,0,temporary_failure,0
TXN_101936,CUST_1436,13710.09,12,3,1,12,2.11,1,1,0,16,1,temporary_failure,1
TXN_101937,CUST_1437,41304.96,7,1,0,88,2.96,0,1,1,8,0,temporary_failure,0
TXN_101938,CUST_1438,25063.31,59,5,3,65,4.12,1,1,1,28,0,temporary_failure,1
TXN_101939,CUST_1439,4129.8,3,2,5,65,10.48,1,0,0,0,1,bank_declined,0
TXN_101940,CUST_1440,3209.98,10,6,2,15,19.85,1,1,0,17,0,bank_declined,1
TXN_101941,CUST_1441,16911.64,34,12,4,72,13.23,1,1,1,40,0,expired_card,1
TXN_101942,CUST_1442,39309.38,25,10,1,27,1.7,1,1,0,52,0,none,0
TXN_101943,CUST_1443,35471.74,35,10,0,76,10.75,1,1,1,19,0,none,0
TXN_101944,CUST_1444,39494.16,16,4,2,34,10.18,1,1,1,56,0,network_error,0
TXN_101945,CUST_1445,26008.27,2,3,4,40,3.31,1,0,0,40,0,temporary_failure,0
TXN_101946,CUST_1446,22177.89,24,4,2,76,18.45,1,0,1,33,1,expired_card,1
TXN_101947,CUST_1447,7628.39,10,7,4,30,9.09,1,0,1,50,1,bank_declined,1
TXN_101948,CUST_1448,16611.18,38,2,5,84,19.89,1,1,1,27,0,temporary_failure,1
TXN_101949,CUST_1449,21870.76,22,13,3,31,8.69,1,0,0,47,0,none,1
TXN_101950,CUST_1450,4703.44,26,6,2,53,12.36,1,0,0,34,0,bank_declined,1
TXN_101951,CUST_1451,11264.41,43,14,2,71,2.54,1,1,1,15,1,insufficient_funds,1
TXN_101952,CUST_1452,30031.8,55,13,2,58,9.36,1,1,0,20,0,none,1
TXN_101953,CUST_1453,36862.46,39,5,3,40,5.16,1,1,0,12,1,none,1
TXN_101954,CUST_1454,49917.87,27,11,0,65,16.79,1,1,0,34,0,bank_declined,1
TXN_101955,CUST_1455,46675.73,29,0,4,53,15.79,1,1,0,41,1,bank_declined,0
TXN_101956,CUST_1456,32235.49,47,12,5,39,16.57,1,0,0,53,0,network_error,1
TXN_101957,CUST_1457,21236.03,38,6,2,27,14.61,1,1,0,31,1,none,0
TXN_101958,CUST_1458,31918.02,20,13,3,36,16.74,1,1,1,49,0,temporary_failure,1
TXN_101959,CUST_1459,39346.89,27,12,0,64,4.42,1,1,1,37,1,network_error,1
TXN_101960,CUST_1460,6181.31,41,6,4,73,9.31,1,1,0,5,0,none,1
TXN_101961,CUST_1461,20672.27,54,13,3,54,13.99,1,1,1,49,0,insufficient_funds,1
TXN_101962,CUST_1462,42038.17,20,14,5,3,12.93,1,1,0,37,0,none,1
TXN_101963,CUST_1463,19376.5,44,11,5,9,14.47,1,0,1,37,1,none,1
TXN_101964,CUST_1464,28722.05,19,0,4,46,4.87,1,1,0,53,1,insufficient_funds,0
TXN_101965,CUST_1465,29512.14,20,8,2,74,2.42,1,0,0,59,0,none,0
TXN_101966,CUST_1466,9468.47,35,5,5,13,18.38,1,1,1,12,0,insufficient_funds,1
TXN_101967,CUST_1467,18303.1,47,14,0,37,11.42,1,1,0,45,0,none,1
TXN_101968,CUST_1468,16925.21,2,11,3,11,3.5,1,1,1,52,1,none,1
TXN_101969,CUST_1469,1601.98,30,1,0,44,15.97,1,1,0,38,1,insufficient_funds,0
TXN_101970,CUST_1470,1502.33,53,4,2,16,18.34,1,1,0,12,1,expired_card,0
TXN_101971,CUST_1471,41635.34,34,12,0,79,3.81,1,0,1,46,0,none,1
TXN_101972,CUST_1472,13871.62,22,10,0,34,16.44,0,0,1,11,1,bank_declined,1
TXN_101973,CUST_1473,26048.51,3,3,1,65,18.7,1,1,0,52,1,temporary_failure,1
TXN_101974,CUST_1474,15146.66,6,6,0,74,18.8,1,1,0,58,1,temporary_failure,1
TXN_101975,CUST_1475,47051.76,15,7,4,40,18.33,1,1,0,32,0,network_error,1
TXN_101976,CUST_1476,13187.05,27,10,3,66,11.16,1,1,1,27,1,none,1
TXN_101977,CUST_1477,21653.94,10,13,1,28,7.45,1,0,1,56,0,none,1
TXN_101978,CUST_1478,43674.69,9,14,3,17,0.64,1,0,0,2,0,bank_declined,1
TXN_101979,CUST_1479,42144.1,33,10,3,19,1.69,1,0,1,17,0,network_error,1
TXN_101980,CUST_1480,9549.24,32,0,2,13,8.86,1,1,0,25,0,insufficient_funds,0
TXN_101981,CUST_1481,40191.37,48,4,2,33,8.29,1,0,0,53,0,temporary_failure,1
TXN_101982,CUST_1482,23071.89,6,14,1,48,4.1,1,0,0,39,0,authentication_failure,1
TXN_101983,CUST_1483,24303.55,41,2,5,53,8.21,1,1,1,1,0,authentication_failure,0
TXN_101984,CUST_1484,6933.95,59,0,2,30,3.91,1,1,0,3,1,authentication_failure,0
TXN_101985,CUST_1485,4305.9,36,11,2,57,17.05,1,1,1,49,0,none,0
TXN_101986,CUST_1486,36478.58,59,2,2,41,6.31,1,1,1,27,0,network_error,0
TXN_101987,CUST_1487,24974.12,2,13,3,57,12.17,1,1,0,27,0,network_error,0
TXN_101988,CUST_1488,22011.48,29,5,1,81,10.31,1,1,0,24,1,temporary_failure,0
TXN_101989,CUST_1489,36556.56,4,13,3,29,1.51,1,1,0,25,1,none,1
TXN_101990,CUST_1490,38345.99,1,6,4,24,18.87,1,1,1,44,0,none,0
TXN_101991,CUST_1491,8197.74,19,7,3,62,10.78,1,0,1,46,1,none,0
TXN_101992,CUST_1492,30628.19,26,12,4,18,6.84,1,0,0,1,0,bank_declined,0
TXN_101993,CUST_1493,7027.1,25,10,0,71,3.58,1,0,0,41,1,authentication_failure,1
TXN_101994,CUST_1494,37643.34,10,3,0,7,7.1,1,1,0,33,0,authentication_failure,1
TXN_101995,CUST_1495,32950.67,53,2,4,2,0.9,1,0,0,29,0,insufficient_funds,0
TXN_101996,CUST_1496,47843.75,15,4,4,66,7.59,1,1,1,20,0,expired_card,0
TXN_101997,CUST_1497,3727.21,59,8,3,85,10.86,1,0,0,43,0,none,0
TXN_101998,CUST_1498,3135.62,22,12,4,80,17.5,1,1,0,36,0,temporary_failure,1
TXN_101999,CUST_1499,14324.7,51,5,1,16,13.9,1,1,1,43,1,temporary_failure,0
